ID ,helpful_count,tourism,overall_rating,value_rating,rooms_rating,location_rating,cleanliness_rating,service_rating,owner_replied,city
1,8,BUSINESS,5,4,3,5,3,3,Y,Helsinki_Uusimaa
2,2,SOLO,2,2,2,5,1,2,Y,Helsinki_Uusimaa
3,1,COUPLES,2,2,4,5,1,4,Y,Helsinki_Uusimaa
4,0,BUSINESS,3,2,1,5,3,1,Y,Helsinki_Uusimaa
5,2,BUSINESS,1,1,1,4,3,2,Y,Helsinki_Uusimaa
6,1,SOLO,3,3,3,4,4,2,Y,Helsinki_Uusimaa
7,1,FAMILY,4,3,3,4,5,5,Y,Helsinki_Uusimaa
8,1,COUPLES,5,5,5,3,5,5,Y,Rantasalmi_Southern_Savonia
9,6,SOLO,3,3,3,5,3,2,Y,Kouvola_Kymenlaakso
10,0,COUPLES,3,3,3,3,4,3,Y,Helsinki_Uusimaa
11,1,BUSINESS,3,3,3,5,4,4,Y,Helsinki_Uusimaa
12,1,COUPLES,2,1,1,5,3,2,Y,Helsinki_Uusimaa
13,0,BUSINESS,4,3,4,5,4,4,Y,Helsinki_Uusimaa
14,2,COUPLES,5,5,5,5,4,5,Y,Helsinki_Uusimaa
15,0,COUPLES,4,3,4,4,5,4,Y,Vantaa_Uusimaa
16,0,SOLO,4,4,3,4,5,5,Y,Helsinki_Uusimaa
17,1,COUPLES,3,4,3,4,3,4,Y,Helsinki_Uusimaa
18,0,BUSINESS,4,2,4,5,5,2,Y,Vantaa_Uusimaa
19,1,BUSINESS,2,2,1,5,2,1,Y,Helsinki_Uusimaa
20,0,SOLO,4,4,3,3,3,3,Y,Helsinki_Uusimaa
21,0,BUSINESS,5,5,3,5,4,5,Y,Helsinki_Uusimaa
22,0,COUPLES,3,4,3,3,3,4,Y,Helsinki_Uusimaa
23,0,SOLO,3,4,3,4,4,3,Y,Helsinki_Uusimaa
24,0,BUSINESS,2,3,2,3,4,1,Y,Vantaa_Uusimaa
25,0,BUSINESS,3,3,3,5,5,4,Y,Vantaa_Uusimaa
26,0,FAMILY,3,3,3,4,4,4,Y,Helsinki_Uusimaa
27,0,COUPLES,4,4,3,4,5,5,Y,Vantaa_Uusimaa
28,0,SOLO,4,3,3,3,4,3,Y,Helsinki_Uusimaa
29,0,BUSINESS,2,2,2,5,2,3,Y,Helsinki_Uusimaa
30,1,COUPLES,3,2,3,5,5,1,Y,Helsinki_Uusimaa
31,0,FRIENDS,4,4,3,4,4,5,Y,Helsinki_Uusimaa
32,1,SOLO,4,4,3,5,4,5,Y,Helsinki_Uusimaa
33,1,BUSINESS,4,4,3,4,5,4,Y,Helsinki_Uusimaa
34,0,COUPLES,3,3,3,5,4,3,Y,Helsinki_Uusimaa
35,0,SOLO,5,5,5,4,5,4,Y,Tampere_Pirkanmaa
36,0,COUPLES,4,4,5,5,5,4,Y,Helsinki_Uusimaa
37,0,COUPLES,3,3,3,4,2,3,Y,Helsinki_Uusimaa
38,2,COUPLES,1,1,1,2,3,1,Y,Helsinki_Uusimaa
39,0,COUPLES,4,4,4,4,4,4,Y,Turku_Southwest_Finland
40,0,FAMILY,3,2,3,4,4,3,Y,Karesuvanto_Lapland
41,19,FAMILY,1,1,1,3,1,1,Y,Karesuvanto_Lapland
42,1,COUPLES,1,1,1,2,1,1,Y,Tampere_Pirkanmaa
43,0,FAMILY,4,4,5,4,3,4,Y,Turku_Southwest_Finland
44,1,BUSINESS,4,3,4,5,4,4,Y,Helsinki_Uusimaa
45,0,COUPLES,4,4,4,3,5,4,Y,Helsinki_Uusimaa
46,1,BUSINESS,4,5,3,5,5,5,Y,Helsinki_Uusimaa
47,1,SOLO,3,3,3,4,3,3,Y,Helsinki_Uusimaa
48,0,COUPLES,3,4,3,5,2,2,Y,Vantaa_Uusimaa
49,1,COUPLES,2,2,2,5,5,3,Y,Helsinki_Uusimaa
50,0,BUSINESS,1,1,4,5,4,1,Y,Vantaa_Uusimaa
51,0,BUSINESS,5,4,5,4,5,4,Y,Helsinki_Uusimaa
52,0,COUPLES,4,5,5,4,5,4,Y,Vantaa_Uusimaa
53,0,FAMILY,5,4,5,4,5,5,Y,Vantaa_Uusimaa
54,0,BUSINESS,2,2,2,3,3,2,Y,Helsinki_Uusimaa
55,0,BUSINESS,5,4,5,5,5,5,Y,Vantaa_Uusimaa
56,0,COUPLES,3,2,5,5,5,5,Y,Vantaa_Uusimaa
57,1,BUSINESS,5,5,4,5,5,5,Y,Helsinki_Uusimaa
58,0,BUSINESS,4,4,4,4,5,5,Y,Helsinki_Uusimaa
59,0,COUPLES,5,5,5,4,5,5,Y,Helsinki_Uusimaa
60,0,COUPLES,5,5,5,5,5,5,Y,Hameenkoski_Tavastia_Proper
61,1,COUPLES,3,5,3,5,2,4,Y,Helsinki_Uusimaa
62,0,BUSINESS,5,4,4,4,5,5,Y,Helsinki_Uusimaa
63,0,COUPLES,5,5,5,5,5,4,Y,Vantaa_Uusimaa
64,0,BUSINESS,4,4,4,5,5,4,Y,Vantaa_Uusimaa
65,1,COUPLES,4,4,5,5,5,4,Y,Helsinki_Uusimaa
66,0,SOLO,5,5,4,5,5,5,Y,Helsinki_Uusimaa
67,0,FAMILY,3,4,3,4,3,5,Y,Turku_Southwest_Finland
68,0,COUPLES,4,4,5,5,5,4,Y,Vantaa_Uusimaa
69,0,BUSINESS,4,3,4,5,4,4,Y,Helsinki_Uusimaa
70,1,FRIENDS,4,4,4,5,4,4,Y,Helsinki_Uusimaa
71,1,BUSINESS,4,4,4,5,5,4,Y,Vantaa_Uusimaa
72,1,BUSINESS,4,4,4,5,3,4,Y,Helsinki_Uusimaa
73,1,BUSINESS,5,3,5,5,5,4,Y,Helsinki_Uusimaa
74,0,BUSINESS,4,4,5,3,5,4,Y,Helsinki_Uusimaa
75,0,COUPLES,2,3,1,5,1,1,Y,Rovaniemi_Lapland
76,0,BUSINESS,4,3,4,3,5,4,Y,Helsinki_Uusimaa
77,1,BUSINESS,5,5,5,5,5,5,Y,Helsinki_Uusimaa
78,1,COUPLES,4,4,3,4,4,4,Y,Helsinki_Uusimaa
79,1,BUSINESS,4,4,5,3,5,5,Y,Helsinki_Uusimaa
80,0,SOLO,4,4,4,2,5,5,Y,Helsinki_Uusimaa
81,1,BUSINESS,4,5,5,4,5,4,Y,Helsinki_Uusimaa
82,1,BUSINESS,4,4,4,5,5,5,Y,Helsinki_Uusimaa
83,1,BUSINESS,4,4,4,5,5,4,Y,Vantaa_Uusimaa
84,1,COUPLES,3,4,3,3,4,3,Y,Helsinki_Uusimaa
85,1,SOLO,5,5,5,5,5,5,Y,Vantaa_Uusimaa
86,4,COUPLES,1,1,1,2,4,1,Y,Porvoo_Uusimaa
87,0,BUSINESS,1,1,1,1,1,1,Y,Helsinki_Uusimaa
88,0,FRIENDS,5,5,5,5,5,5,Y,Helsinki_Uusimaa
89,0,BUSINESS,4,3,3,3,5,4,Y,Helsinki_Uusimaa
90,1,COUPLES,2,3,2,5,3,4,Y,Helsinki_Uusimaa
91,1,BUSINESS,4,5,4,5,5,4,Y,Oulu_Northern_Ostrobothnia
92,0,FAMILY,3,3,3,4,4,3,Y,Vantaa_Uusimaa
93,1,BUSINESS,5,4,5,4,5,5,Y,Espoo_Uusimaa
94,0,FAMILY,5,4,5,4,5,4,Y,Helsinki_Uusimaa
95,3,COUPLES,5,5,5,5,5,5,Y,Helsinki_Uusimaa
96,1,BUSINESS,5,4,4,4,5,5,Y,Vantaa_Uusimaa
97,2,COUPLES,3,2,2,4,4,3,Y,Kuusamo_Northern_Ostrobothnia
98,0,COUPLES,5,5,5,5,5,5,Y,Helsinki_Uusimaa
99,2,BUSINESS,4,4,4,4,4,4,Y,Espoo_Uusimaa
100,0,BUSINESS,3,3,3,4,2,3,Y,Helsinki_Uusimaa
101,0,COUPLES,5,4,5,5,5,5,Y,Vantaa_Uusimaa
102,2,BUSINESS,5,5,5,5,5,5,Y,Helsinki_Uusimaa
103,1,BUSINESS,4,4,3,4,4,4,Y,Espoo_Uusimaa
104,0,BUSINESS,4,4,4,4,4,4,Y,Oulu_Northern_Ostrobothnia
105,0,FAMILY,3,3,3,3,4,3,Y,Vantaa_Uusimaa
106,1,BUSINESS,4,4,4,3,3,4,Y,Helsinki_Uusimaa
107,0,COUPLES,3,3,3,4,2,3,Y,Helsinki_Uusimaa
108,1,SOLO,5,5,5,4,5,5,Y,Tampere_Pirkanmaa
109,1,COUPLES,4,4,3,5,3,4,Y,Helsinki_Uusimaa
110,0,COUPLES,4,3,4,3,5,3,Y,Vantaa_Uusimaa
111,0,COUPLES,4,4,5,5,5,5,Y,Oulu_Northern_Ostrobothnia
112,7,COUPLES,5,5,5,5,5,5,Y,Levi_Lapland
113,0,BUSINESS,4,4,5,5,5,5,Y,Helsinki_Uusimaa
114,4,COUPLES,2,2,1,5,2,3,Y,Helsinki_Uusimaa
115,0,BUSINESS,4,3,3,3,4,4,Y,Helsinki_Uusimaa
116,0,SOLO,4,4,5,4,3,3,Y,Helsinki_Uusimaa
117,2,SOLO,3,3,3,2,3,3,Y,Helsinki_Uusimaa
118,1,BUSINESS,3,1,4,4,4,4,Y,Vantaa_Uusimaa
119,1,BUSINESS,5,5,5,5,5,5,Y,Helsinki_Uusimaa
120,0,BUSINESS,5,5,5,5,5,5,Y,Helsinki_Uusimaa
121,0,COUPLES,4,4,4,4,5,5,Y,Vantaa_Uusimaa
122,0,COUPLES,5,5,5,5,5,5,Y,Helsinki_Uusimaa
123,3,SOLO,5,5,5,5,5,5,Y,Helsinki_Uusimaa
124,0,BUSINESS,3,3,3,3,4,4,Y,Helsinki_Uusimaa
125,0,BUSINESS,4,4,5,3,5,5,Y,Helsinki_Uusimaa
126,0,BUSINESS,4,4,4,4,5,4,Y,Helsinki_Uusimaa
127,0,COUPLES,5,3,5,4,5,5,Y,Helsinki_Uusimaa
128,1,COUPLES,5,5,5,5,5,5,Y,Kirkkonummi_Uusimaa
129,0,FRIENDS,5,4,5,5,5,5,Y,Helsinki_Uusimaa
130,0,BUSINESS,5,5,5,5,5,5,Y,Oulu_Northern_Ostrobothnia
131,0,BUSINESS,5,4,4,5,5,4,Y,Helsinki_Uusimaa
132,3,BUSINESS,4,4,5,4,3,4,Y,Helsinki_Uusimaa
133,0,COUPLES,5,5,5,4,5,5,Y,Helsinki_Uusimaa
134,2,FAMILY,5,5,5,5,5,5,Y,Helsinki_Uusimaa
135,0,BUSINESS,4,3,5,5,5,4,Y,Vantaa_Uusimaa
136,1,SOLO,5,5,5,5,5,5,Y,Vantaa_Uusimaa
137,0,BUSINESS,4,3,4,3,4,4,Y,Vantaa_Uusimaa
138,1,COUPLES,5,4,4,5,4,5,Y,Oulu_Northern_Ostrobothnia
139,1,COUPLES,5,4,4,5,5,5,Y,Helsinki_Uusimaa
140,0,FAMILY,5,4,5,4,5,5,Y,Helsinki_Uusimaa
141,0,SOLO,5,4,5,4,4,5,Y,Helsinki_Uusimaa
142,1,BUSINESS,4,4,3,3,4,4,Y,Helsinki_Uusimaa
143,0,BUSINESS,4,4,4,4,4,5,Y,Oulu_Northern_Ostrobothnia
144,0,BUSINESS,5,3,5,4,5,5,Y,Helsinki_Uusimaa
145,0,BUSINESS,4,3,4,3,5,4,Y,Vantaa_Uusimaa
146,0,BUSINESS,4,5,3,3,5,4,Y,Helsinki_Uusimaa
147,2,FAMILY,5,4,5,5,5,5,Y,Vantaa_Uusimaa
148,0,BUSINESS,4,4,5,4,5,4,Y,Vantaa_Uusimaa
149,1,BUSINESS,3,4,3,2,4,5,Y,Helsinki_Uusimaa
150,0,BUSINESS,5,4,4,4,5,4,Y,Espoo_Uusimaa
151,2,BUSINESS,3,2,2,4,3,3,Y,Helsinki_Uusimaa
152,1,BUSINESS,4,4,5,5,4,4,Y,Helsinki_Uusimaa
153,0,BUSINESS,4,4,4,3,5,3,Y,Helsinki_Uusimaa
154,1,BUSINESS,4,4,5,4,4,5,Y,Helsinki_Uusimaa
155,0,COUPLES,3,3,3,3,4,3,Y,Helsinki_Uusimaa
156,0,COUPLES,5,5,5,5,5,5,Y,Hameenkoski_Tavastia_Proper
157,0,BUSINESS,3,3,3,3,4,4,Y,Kirkkonummi_Uusimaa
158,2,BUSINESS,3,2,3,4,1,3,Y,Espoo_Uusimaa
159,2,BUSINESS,5,5,5,5,5,5,Y,Akaslompolo_Lapland
160,2,BUSINESS,3,3,1,3,3,3,Y,Vantaa_Uusimaa
161,0,SOLO,3,2,3,5,3,3,Y,Helsinki_Uusimaa
162,1,COUPLES,4,3,4,4,4,3,Y,Rovaniemi_Lapland
163,0,BUSINESS,4,4,5,5,5,4,Y,Helsinki_Uusimaa
164,0,COUPLES,5,5,5,5,5,5,Y,Oulu_Northern_Ostrobothnia
165,0,COUPLES,5,3,5,5,5,5,Y,Vantaa_Uusimaa
166,0,BUSINESS,4,4,4,5,4,4,Y,Helsinki_Uusimaa
167,0,FAMILY,5,5,4,4,5,5,Y,Helsinki_Uusimaa
168,2,FRIENDS,5,5,5,5,5,5,Y,Levi_Lapland
169,1,FAMILY,5,5,5,5,5,5,Y,Levi_Lapland
170,0,BUSINESS,4,4,4,5,5,3,Y,Helsinki_Uusimaa
171,1,BUSINESS,4,4,4,5,5,4,Y,Vantaa_Uusimaa
172,1,BUSINESS,4,4,5,4,5,5,Y,Helsinki_Uusimaa
173,1,BUSINESS,4,4,5,4,4,4,Y,Helsinki_Uusimaa
174,0,BUSINESS,4,4,4,4,4,4,Y,Oulu_Northern_Ostrobothnia
175,0,BUSINESS,5,3,5,5,5,4,Y,Helsinki_Uusimaa
176,4,BUSINESS,1,1,3,2,4,1,Y,Vantaa_Uusimaa
177,0,COUPLES,4,5,5,5,5,5,Y,Oulu_Northern_Ostrobothnia
178,0,SOLO,5,3,5,5,5,5,Y,Helsinki_Uusimaa
179,1,FAMILY,3,3,3,3,3,3,Y,Oulu_Northern_Ostrobothnia
180,1,BUSINESS,4,4,4,3,4,3,Y,Helsinki_Uusimaa
181,0,BUSINESS,3,4,5,5,3,5,Y,Helsinki_Uusimaa
182,0,BUSINESS,4,3,5,5,5,4,Y,Vantaa_Uusimaa
183,2,SOLO,5,5,5,5,5,5,Y,Helsinki_Uusimaa
184,0,FAMILY,4,4,4,5,5,3,Y,Helsinki_Uusimaa
185,2,SOLO,5,5,5,5,5,5,Y,Helsinki_Uusimaa
186,0,FAMILY,4,3,4,5,5,4,Y,Tampere_Pirkanmaa
187,1,BUSINESS,3,3,3,5,4,2,Y,Helsinki_Uusimaa
188,0,SOLO,4,3,4,4,4,4,Y,Vantaa_Uusimaa
189,1,COUPLES,5,5,5,5,5,5,Y,Turku_Southwest_Finland
190,1,BUSINESS,2,1,2,3,4,1,Y,Vantaa_Uusimaa
191,2,FAMILY,5,5,5,5,5,5,Y,Levi_Lapland
192,0,FAMILY,5,5,5,5,5,5,Y,Helsinki_Uusimaa
193,1,COUPLES,5,5,4,5,5,5,Y,Helsinki_Uusimaa
194,0,BUSINESS,4,4,5,4,4,5,Y,Helsinki_Uusimaa
195,0,BUSINESS,4,5,4,5,4,4,Y,Helsinki_Uusimaa
196,0,COUPLES,3,3,5,4,5,3,Y,Espoo_Uusimaa
197,0,COUPLES,4,4,5,5,5,4,Y,Helsinki_Uusimaa
198,1,COUPLES,5,5,5,5,5,5,Y,Helsinki_Uusimaa
199,0,FRIENDS,4,5,4,4,5,4,Y,Helsinki_Uusimaa
200,0,BUSINESS,5,4,4,4,5,4,Y,Helsinki_Uusimaa
201,0,BUSINESS,3,4,4,4,4,3,Y,Helsinki_Uusimaa
202,0,COUPLES,4,5,5,5,4,4,Y,Helsinki_Uusimaa
203,0,SOLO,5,5,5,4,5,5,Y,Helsinki_Uusimaa
204,2,BUSINESS,2,3,4,5,4,2,Y,Helsinki_Uusimaa
205,1,BUSINESS,3,3,5,5,5,3,Y,Vantaa_Uusimaa
206,1,FRIENDS,5,3,4,5,4,3,Y,Helsinki_Uusimaa
207,1,FRIENDS,5,4,5,5,5,5,Y,Kuhmo_Wild_Taiga_Kainuu
208,1,BUSINESS,4,5,4,4,5,4,Y,Espoo_Uusimaa
209,2,BUSINESS,2,2,1,3,2,3,Y,Vantaa_Uusimaa
210,3,BUSINESS,3,3,5,4,5,2,Y,Helsinki_Uusimaa
211,0,BUSINESS,4,4,4,5,4,4,Y,Tampere_Pirkanmaa
212,0,FAMILY,5,3,5,5,5,5,Y,Vantaa_Uusimaa
213,0,BUSINESS,5,4,5,3,5,4,Y,Helsinki_Uusimaa
214,0,BUSINESS,5,5,5,4,5,5,Y,Helsinki_Uusimaa
215,0,COUPLES,5,5,5,5,5,5,Y,Levi_Lapland
216,0,COUPLES,2,1,2,3,3,3,Y,Vantaa_Uusimaa
217,0,BUSINESS,4,5,4,4,3,5,Y,Helsinki_Uusimaa
218,0,COUPLES,4,3,4,4,4,4,Y,Helsinki_Uusimaa
219,2,COUPLES,5,4,4,5,5,5,Y,Enontekio_Lapland
220,2,FAMILY,5,5,5,5,5,5,Y,Levi_Lapland
221,0,COUPLES,4,4,5,5,5,5,Y,Oulu_Northern_Ostrobothnia
222,0,BUSINESS,5,5,4,5,5,5,Y,Helsinki_Uusimaa
223,3,BUSINESS,4,4,5,4,5,4,Y,Helsinki_Uusimaa
224,0,BUSINESS,4,4,4,4,4,4,Y,Oulu_Northern_Ostrobothnia
225,1,BUSINESS,4,4,4,5,5,5,Y,Espoo_Uusimaa
226,0,BUSINESS,4,4,5,5,5,5,Y,Vantaa_Uusimaa
227,2,FAMILY,5,5,5,5,5,5,Y,Salla_Lapland
228,0,FRIENDS,5,5,5,5,5,5,Y,Levi_Lapland
229,0,BUSINESS,5,5,5,5,5,5,Y,Helsinki_Uusimaa
230,0,BUSINESS,5,4,5,5,5,5,Y,Vantaa_Uusimaa
231,0,BUSINESS,3,3,2,4,4,4,Y,Vantaa_Uusimaa
232,8,FRIENDS,5,5,5,5,5,5,Y,Muonio_Lapland
233,0,BUSINESS,5,5,5,5,5,5,Y,Tampere_Pirkanmaa
234,0,FRIENDS,4,4,4,4,5,4,Y,Helsinki_Uusimaa
235,3,BUSINESS,5,4,5,5,5,5,Y,Helsinki_Uusimaa
236,0,COUPLES,4,4,3,5,3,5,Y,Helsinki_Uusimaa
237,2,BUSINESS,4,4,5,5,5,5,Y,Espoo_Uusimaa
238,1,FAMILY,5,5,4,5,5,5,Y,Tampere_Pirkanmaa
239,1,BUSINESS,5,4,5,4,5,4,Y,Espoo_Uusimaa
240,0,COUPLES,4,4,4,4,4,4,Y,Helsinki_Uusimaa
241,0,FRIENDS,5,5,5,4,5,4,Y,Helsinki_Uusimaa
242,0,COUPLES,3,3,3,4,3,4,Y,Helsinki_Uusimaa
243,2,COUPLES,5,5,5,5,5,5,Y,Levi_Lapland
244,0,BUSINESS,4,4,4,5,5,5,Y,Helsinki_Uusimaa
245,0,COUPLES,5,5,5,5,5,5,Y,Helsinki_Uusimaa
246,0,BUSINESS,5,4,4,5,5,5,Y,Oulu_Northern_Ostrobothnia
247,0,BUSINESS,4,4,4,4,4,5,Y,Helsinki_Uusimaa
248,0,BUSINESS,4,3,4,3,4,4,Y,Helsinki_Uusimaa
249,1,BUSINESS,4,4,4,5,5,5,Y,Helsinki_Uusimaa
250,1,BUSINESS,4,5,5,5,5,4,Y,Helsinki_Uusimaa
251,0,BUSINESS,4,3,4,5,5,5,Y,Vantaa_Uusimaa
252,1,BUSINESS,2,2,1,5,5,5,Y,Helsinki_Uusimaa
253,2,FAMILY,5,5,5,5,5,5,Y,Levi_Lapland
254,0,SOLO,5,5,5,5,5,5,Y,Vantaa_Uusimaa
255,1,BUSINESS,5,4,5,5,5,5,Y,Vantaa_Uusimaa
256,0,BUSINESS,4,3,4,5,4,4,Y,Oulu_Northern_Ostrobothnia
257,0,FAMILY,5,5,5,5,5,5,Y,Levi_Lapland
258,0,BUSINESS,4,3,3,3,3,4,Y,Helsinki_Uusimaa
259,1,BUSINESS,4,4,2,5,4,5,Y,Helsinki_Uusimaa
260,1,BUSINESS,4,4,4,5,5,4,Y,Tampere_Pirkanmaa
261,1,BUSINESS,4,4,4,5,4,4,Y,Turku_Southwest_Finland
262,2,BUSINESS,4,3,4,4,5,4,Y,Helsinki_Uusimaa
263,0,BUSINESS,5,4,4,4,4,5,Y,Helsinki_Uusimaa
264,0,SOLO,5,3,5,5,5,5,Y,Vantaa_Uusimaa
265,0,COUPLES,4,3,4,4,4,3,Y,Helsinki_Uusimaa
266,0,BUSINESS,4,5,4,3,4,3,Y,Oulu_Northern_Ostrobothnia
267,1,BUSINESS,4,4,4,5,5,5,Y,Helsinki_Uusimaa
268,0,BUSINESS,5,4,5,5,5,5,Y,Helsinki_Uusimaa
269,0,FRIENDS,4,4,5,5,4,2,Y,Helsinki_Uusimaa
270,0,BUSINESS,5,4,4,5,5,5,Y,Helsinki_Uusimaa
271,0,BUSINESS,5,4,4,5,5,5,Y,Vantaa_Uusimaa
272,0,BUSINESS,3,3,3,4,4,4,Y,Oulu_Northern_Ostrobothnia
273,3,SOLO,4,5,4,4,4,4,Y,Helsinki_Uusimaa
274,0,BUSINESS,3,3,3,3,4,3,Y,Vantaa_Uusimaa
275,0,FAMILY,4,4,4,4,5,5,Y,Espoo_Uusimaa
276,0,BUSINESS,5,5,5,4,5,5,Y,Helsinki_Uusimaa
277,0,FAMILY,5,4,5,5,5,4,Y,Vantaa_Uusimaa
278,0,BUSINESS,4,4,4,5,4,4,Y,Oulu_Northern_Ostrobothnia
279,1,COUPLES,4,4,4,3,5,4,Y,Helsinki_Uusimaa
280,1,BUSINESS,5,5,5,5,5,5,Y,Helsinki_Uusimaa
281,0,BUSINESS,4,5,5,4,5,5,Y,Vantaa_Uusimaa
282,0,COUPLES,5,4,4,5,5,4,Y,Helsinki_Uusimaa
283,0,BUSINESS,4,4,4,5,5,5,Y,Helsinki_Uusimaa
284,1,COUPLES,5,3,4,4,4,5,Y,Helsinki_Uusimaa
285,0,COUPLES,5,4,4,5,5,4,Y,Levi_Lapland
286,0,SOLO,4,4,4,5,4,4,Y,Oulu_Northern_Ostrobothnia
287,0,BUSINESS,2,2,2,4,2,3,Y,Turku_Southwest_Finland
288,0,BUSINESS,5,4,5,4,5,5,Y,Helsinki_Uusimaa
289,0,SOLO,4,3,3,5,5,5,Y,Oulu_Northern_Ostrobothnia
290,0,COUPLES,4,4,4,4,5,4,Y,Tampere_Pirkanmaa
291,1,BUSINESS,3,3,3,5,4,4,Y,Espoo_Uusimaa
292,1,COUPLES,4,5,5,4,4,4,Y,Helsinki_Uusimaa
293,1,BUSINESS,5,5,5,5,5,5,Y,Helsinki_Uusimaa
294,1,BUSINESS,3,3,3,3,3,4,Y,Vantaa_Uusimaa
295,0,BUSINESS,3,2,2,5,4,4,Y,Helsinki_Uusimaa
296,0,COUPLES,5,4,5,5,5,5,Y,Helsinki_Uusimaa
297,0,BUSINESS,4,4,2,5,4,5,Y,Helsinki_Uusimaa
298,2,FAMILY,3,2,3,5,4,3,Y,Helsinki_Uusimaa
299,1,BUSINESS,4,5,5,4,5,5,Y,Helsinki_Uusimaa
300,0,BUSINESS,4,5,4,5,5,5,Y,Levi_Lapland
301,0,BUSINESS,4,3,4,5,5,4,Y,Rovaniemi_Lapland
302,1,COUPLES,5,5,5,5,5,5,Y,Helsinki_Uusimaa
303,0,BUSINESS,3,4,3,4,4,4,Y,Rovaniemi_Lapland
304,0,BUSINESS,4,5,4,5,4,5,Y,Helsinki_Uusimaa
305,1,BUSINESS,2,2,2,4,2,3,Y,Helsinki_Uusimaa
306,1,BUSINESS,4,3,4,3,4,3,Y,Espoo_Uusimaa
307,0,BUSINESS,3,4,3,4,5,4,Y,Helsinki_Uusimaa
308,0,COUPLES,5,4,5,5,5,5,Y,Helsinki_Uusimaa
309,3,BUSINESS,5,5,5,5,5,5,Y,Helsinki_Uusimaa
310,1,BUSINESS,4,4,4,5,5,5,Y,Vantaa_Uusimaa
311,3,COUPLES,5,5,5,5,5,5,Y,Helsinki_Uusimaa
312,3,BUSINESS,2,2,3,5,2,2,Y,Helsinki_Uusimaa
313,6,BUSINESS,1,1,1,1,1,1,Y,Helsinki_Uusimaa
314,0,BUSINESS,2,2,3,4,2,3,Y,Turku_Southwest_Finland
315,1,COUPLES,5,5,5,5,5,5,Y,Helsinki_Uusimaa
316,0,BUSINESS,3,3,4,5,2,3,Y,Oulu_Northern_Ostrobothnia
317,1,BUSINESS,5,5,5,5,5,5,Y,Tampere_Pirkanmaa
318,2,BUSINESS,5,4,4,4,5,5,Y,Helsinki_Uusimaa
319,1,COUPLES,2,1,1,5,4,4,Y,Helsinki_Uusimaa
320,3,COUPLES,2,2,5,5,4,4,Y,Rovaniemi_Lapland
321,0,COUPLES,5,3,3,4,4,3,Y,Espoo_Uusimaa
322,1,COUPLES,4,5,3,5,5,3,Y,Oulu_Northern_Ostrobothnia
323,0,BUSINESS,4,4,5,5,5,4,Y,Helsinki_Uusimaa
324,1,FAMILY,4,4,4,4,4,4,Y,Helsinki_Uusimaa
325,0,BUSINESS,4,4,4,4,4,4,Y,Oulu_Northern_Ostrobothnia
326,1,BUSINESS,4,4,4,3,4,4,Y,Helsinki_Uusimaa
327,1,BUSINESS,3,2,1,3,4,3,Y,Helsinki_Uusimaa
328,1,COUPLES,4,5,4,5,4,4,Y,Oulu_Northern_Ostrobothnia
329,0,SOLO,4,5,3,5,3,4,Y,Helsinki_Uusimaa
330,3,FAMILY,3,4,5,5,5,3,Y,Helsinki_Uusimaa
331,0,BUSINESS,5,4,4,5,5,5,Y,Espoo_Uusimaa
332,1,BUSINESS,5,4,5,4,5,5,Y,Espoo_Uusimaa
333,4,COUPLES,4,5,4,4,4,5,Y,Helsinki_Uusimaa
334,0,BUSINESS,4,4,3,5,5,5,Y,Vantaa_Uusimaa
335,2,COUPLES,2,2,3,5,5,3,Y,Vantaa_Uusimaa
336,0,BUSINESS,5,4,5,5,5,5,Y,Oulu_Northern_Ostrobothnia
337,1,BUSINESS,5,5,5,5,5,5,Y,Vantaa_Uusimaa
338,1,COUPLES,5,5,5,5,5,5,Y,Helsinki_Uusimaa
339,0,FAMILY,5,4,4,4,4,5,Y,Vantaa_Uusimaa
340,0,BUSINESS,5,4,4,4,5,4,Y,Vantaa_Uusimaa
341,0,BUSINESS,5,4,5,5,5,5,Y,Vantaa_Uusimaa
342,0,SOLO,5,5,5,5,5,5,Y,Vantaa_Uusimaa
343,0,BUSINESS,4,3,4,5,4,4,Y,Helsinki_Uusimaa
344,0,BUSINESS,5,4,4,5,4,5,Y,Helsinki_Uusimaa
345,1,COUPLES,4,3,3,3,4,4,Y,Rovaniemi_Lapland
346,1,BUSINESS,3,3,3,3,3,3,Y,Helsinki_Uusimaa
347,2,BUSINESS,2,3,3,4,2,4,Y,Oulu_Northern_Ostrobothnia
348,2,COUPLES,3,3,2,4,3,3,Y,Helsinki_Uusimaa
349,0,COUPLES,3,3,4,4,3,3,Y,Oulu_Northern_Ostrobothnia
350,0,BUSINESS,4,3,5,5,5,5,Y,Vantaa_Uusimaa
351,1,FRIENDS,3,4,3,2,5,5,Y,Helsinki_Uusimaa
352,2,FRIENDS,5,4,5,5,5,5,Y,Helsinki_Uusimaa
353,1,BUSINESS,2,1,1,5,4,3,Y,Helsinki_Uusimaa
354,2,BUSINESS,4,3,4,4,4,4,Y,Helsinki_Uusimaa
355,0,BUSINESS,3,3,5,2,3,3,Y,Helsinki_Uusimaa
356,0,COUPLES,5,5,5,2,5,5,Y,Turku_Southwest_Finland
357,0,COUPLES,4,4,4,5,4,5,Y,Kuhmo_Wild_Taiga_Kainuu
358,0,COUPLES,4,4,4,4,5,5,Y,Helsinki_Uusimaa
359,1,BUSINESS,4,4,5,5,5,5,Y,Oulu_Northern_Ostrobothnia
360,1,BUSINESS,2,3,1,4,3,3,Y,Helsinki_Uusimaa
361,1,BUSINESS,3,4,3,4,3,3,Y,Helsinki_Uusimaa
362,0,SOLO,4,3,5,4,5,4,Y,Vantaa_Uusimaa
363,0,FRIENDS,4,4,4,5,5,4,Y,Vantaa_Uusimaa
364,2,BUSINESS,5,4,4,5,5,5,Y,Helsinki_Uusimaa
365,1,BUSINESS,5,4,4,4,4,5,Y,Espoo_Uusimaa
366,1,SOLO,4,4,4,3,4,4,Y,Vantaa_Uusimaa
367,0,COUPLES,5,5,5,5,5,5,Y,Helsinki_Uusimaa
368,0,SOLO,5,5,3,5,5,5,Y,Hameenkoski_Tavastia_Proper
369,1,BUSINESS,4,3,5,5,5,5,Y,Helsinki_Uusimaa
370,0,BUSINESS,1,2,3,3,3,1,Y,Espoo_Uusimaa
371,0,BUSINESS,4,4,5,5,5,5,Y,Helsinki_Uusimaa
372,0,FAMILY,4,4,4,4,5,5,Y,Helsinki_Uusimaa
373,1,FRIENDS,4,4,4,4,4,4,Y,Tampere_Pirkanmaa
374,1,BUSINESS,5,5,5,4,4,5,Y,Espoo_Uusimaa
375,1,FAMILY,5,5,5,5,5,3,Y,Espoo_Uusimaa
376,0,BUSINESS,4,4,4,4,5,5,Y,Oulu_Northern_Ostrobothnia
377,0,FAMILY,4,4,3,5,5,4,Y,Vantaa_Uusimaa
378,0,SOLO,4,3,5,5,5,5,Y,Vantaa_Uusimaa
379,1,BUSINESS,3,3,3,3,4,4,Y,Espoo_Uusimaa
380,1,BUSINESS,3,5,4,4,5,4,Y,Oulu_Northern_Ostrobothnia
381,0,SOLO,3,2,2,2,4,4,Y,Vantaa_Uusimaa
382,0,COUPLES,3,3,4,3,5,3,Y,Rovaniemi_Lapland
383,1,FRIENDS,4,4,5,4,5,5,Y,Naantali_Southwest_Finland
384,1,COUPLES,4,3,3,4,3,4,Y,Helsinki_Uusimaa
385,0,BUSINESS,3,3,4,3,4,2,Y,Helsinki_Uusimaa
386,0,FAMILY,5,5,5,5,4,4,Y,Tampere_Pirkanmaa
387,2,FAMILY,4,4,5,4,5,4,Y,Levi_Lapland
388,0,COUPLES,4,4,4,4,5,4,Y,Helsinki_Uusimaa
389,2,BUSINESS,4,5,4,5,4,4,Y,Espoo_Uusimaa
390,0,SOLO,3,3,3,4,3,4,Y,Helsinki_Uusimaa
391,0,COUPLES,4,4,4,4,4,4,Y,Helsinki_Uusimaa
392,1,BUSINESS,4,3,3,4,4,4,Y,Helsinki_Uusimaa
393,0,BUSINESS,3,2,3,3,3,3,Y,Vantaa_Uusimaa
394,0,BUSINESS,4,3,3,3,4,4,Y,Vantaa_Uusimaa
395,0,BUSINESS,3,4,5,5,5,4,Y,Tampere_Pirkanmaa
396,1,FAMILY,4,4,4,4,4,4,Y,Helsinki_Uusimaa
397,3,BUSINESS,4,4,5,3,5,4,Y,Espoo_Uusimaa
398,0,BUSINESS,4,3,3,5,3,5,Y,Vantaa_Uusimaa
399,0,BUSINESS,4,3,5,5,5,5,Y,Vantaa_Uusimaa
400,0,BUSINESS,5,4,4,4,3,4,Y,Tampere_Pirkanmaa
401,1,COUPLES,4,5,5,5,4,5,Y,Helsinki_Uusimaa
402,2,BUSINESS,5,4,4,4,5,5,Y,Espoo_Uusimaa
403,1,FAMILY,2,2,2,3,2,3,Y,Turku_Southwest_Finland
404,0,BUSINESS,3,3,1,5,3,5,Y,Helsinki_Uusimaa
405,0,SOLO,4,5,4,4,5,5,Y,Helsinki_Uusimaa
406,1,FRIENDS,4,4,5,4,4,4,Y,Tampere_Pirkanmaa
407,0,BUSINESS,3,3,3,4,4,4,Y,Vantaa_Uusimaa
408,1,BUSINESS,3,3,2,4,4,5,Y,Helsinki_Uusimaa
409,1,FAMILY,1,3,3,2,4,1,Y,Helsinki_Uusimaa
410,0,COUPLES,5,4,3,5,4,5,Y,Helsinki_Uusimaa
411,1,BUSINESS,4,3,4,3,4,5,Y,Espoo_Uusimaa
412,0,BUSINESS,5,4,5,5,5,4,Y,Helsinki_Uusimaa
413,1,BUSINESS,4,4,4,4,4,4,Y,Oulu_Northern_Ostrobothnia
414,1,BUSINESS,5,4,4,5,5,5,Y,Helsinki_Uusimaa
415,1,FAMILY,4,3,5,5,5,3,Y,Vantaa_Uusimaa
416,1,SOLO,4,4,4,5,4,5,Y,Naantali_Southwest_Finland
417,1,BUSINESS,4,3,3,5,4,5,Y,Helsinki_Uusimaa
418,7,FAMILY,5,5,5,5,5,5,Y,Akaslompolo_Lapland
419,0,FRIENDS,4,4,5,4,5,4,Y,Helsinki_Uusimaa
420,0,FRIENDS,4,4,4,5,4,5,Y,Rovaniemi_Lapland
421,0,COUPLES,4,3,3,4,4,5,Y,Oulu_Northern_Ostrobothnia
422,0,COUPLES,5,5,5,5,5,5,Y,Vantaa_Uusimaa
423,2,SOLO,1,3,1,4,2,2,Y,Pori_Satakunta
424,3,BUSINESS,3,3,4,3,4,3,Y,Helsinki_Uusimaa
425,0,BUSINESS,3,5,3,5,5,5,Y,Helsinki_Uusimaa
426,1,COUPLES,5,5,5,5,5,5,Y,Helsinki_Uusimaa
427,0,FAMILY,4,3,4,5,4,4,Y,Vantaa_Uusimaa
428,0,FAMILY,4,3,4,4,4,3,Y,Helsinki_Uusimaa
429,4,FRIENDS,4,4,5,5,5,4,Y,Helsinki_Uusimaa
430,1,FRIENDS,5,5,4,4,5,5,Y,Helsinki_Uusimaa
431,2,BUSINESS,4,3,4,4,4,4,Y,Helsinki_Uusimaa
432,2,SOLO,2,2,3,3,1,5,Y,Helsinki_Uusimaa
433,0,FAMILY,3,5,3,2,5,4,Y,Helsinki_Uusimaa
434,0,FRIENDS,5,4,5,4,5,5,Y,Espoo_Uusimaa
435,0,FRIENDS,4,5,4,5,5,5,Y,Helsinki_Uusimaa
436,0,COUPLES,5,5,5,5,5,4,Y,Helsinki_Uusimaa
437,0,SOLO,3,4,3,3,4,4,Y,Tampere_Pirkanmaa
438,0,FAMILY,2,2,3,4,1,3,Y,Helsinki_Uusimaa
439,0,BUSINESS,5,4,5,5,5,5,Y,Vantaa_Uusimaa
440,0,FAMILY,4,4,5,3,5,4,Y,Espoo_Uusimaa
441,0,BUSINESS,4,4,5,5,5,5,Y,Vantaa_Uusimaa
442,1,BUSINESS,3,3,3,3,4,4,Y,Turku_Southwest_Finland
443,0,FRIENDS,3,3,4,5,5,4,Y,Helsinki_Uusimaa
444,0,FAMILY,3,3,1,3,3,3,Y,Turku_Southwest_Finland
445,1,FAMILY,4,4,4,4,4,5,Y,Oulu_Northern_Ostrobothnia
446,0,BUSINESS,4,4,5,5,5,5,Y,Helsinki_Uusimaa
447,0,FAMILY,3,3,3,5,2,5,Y,Helsinki_Uusimaa
448,0,FRIENDS,5,5,5,5,5,5,Y,Helsinki_Uusimaa
449,2,BUSINESS,1,1,1,4,1,1,Y,Sodankyla_Lapland
450,0,BUSINESS,4,3,4,4,4,4,Y,Helsinki_Uusimaa
451,1,BUSINESS,4,4,4,4,5,4,Y,Vantaa_Uusimaa
452,1,BUSINESS,5,5,5,5,5,5,Y,Vantaa_Uusimaa
453,0,FAMILY,4,4,4,4,4,3,Y,Helsinki_Uusimaa
454,0,COUPLES,5,5,5,5,5,5,Y,Vantaa_Uusimaa
455,0,SOLO,4,4,4,5,4,5,Y,Helsinki_Uusimaa
456,1,FAMILY,3,2,2,4,4,4,Y,Oulu_Northern_Ostrobothnia
457,0,COUPLES,4,3,4,5,5,3,Y,Helsinki_Uusimaa
458,0,SOLO,3,3,3,5,4,2,Y,Helsinki_Uusimaa
459,1,BUSINESS,3,3,3,5,5,4,Y,Vantaa_Uusimaa
460,0,FAMILY,3,3,3,4,4,3,Y,Tampere_Pirkanmaa
461,1,SOLO,4,4,4,5,5,4,Y,Vantaa_Uusimaa
462,1,COUPLES,4,4,5,5,5,4,Y,Vantaa_Uusimaa
463,2,BUSINESS,3,3,2,3,5,4,Y,Helsinki_Uusimaa
464,2,SOLO,5,5,5,5,5,3,Y,Helsinki_Uusimaa
465,1,SOLO,3,3,4,5,4,3,Y,Helsinki_Uusimaa
466,0,COUPLES,4,4,4,4,5,5,Y,Helsinki_Uusimaa
467,0,COUPLES,3,3,3,5,3,5,Y,Helsinki_Uusimaa
468,1,COUPLES,5,5,5,4,5,5,Y,Espoo_Uusimaa
469,0,FAMILY,5,4,4,5,5,5,Y,Vantaa_Uusimaa
470,1,COUPLES,3,3,2,1,4,4,Y,Helsinki_Uusimaa
471,0,COUPLES,4,4,3,5,5,5,Y,Helsinki_Uusimaa
472,1,COUPLES,2,2,2,4,1,2,Y,Turku_Southwest_Finland
473,2,FAMILY,5,5,5,5,5,5,Y,Helsinki_Uusimaa
474,0,COUPLES,4,4,3,4,3,4,Y,Tampere_Pirkanmaa
475,0,SOLO,4,5,3,5,4,5,Y,Vantaa_Uusimaa
476,1,COUPLES,2,2,4,5,2,2,Y,Helsinki_Uusimaa
477,0,COUPLES,3,3,3,4,3,4,Y,Helsinki_Uusimaa
478,1,COUPLES,4,4,5,5,5,3,Y,Tampere_Pirkanmaa
479,0,COUPLES,5,3,5,4,5,5,Y,Vantaa_Uusimaa
480,1,BUSINESS,3,2,2,3,3,4,Y,Turku_Southwest_Finland
481,0,FAMILY,4,4,4,5,4,5,Y,Helsinki_Uusimaa
482,0,FRIENDS,4,4,3,3,4,4,Y,Helsinki_Uusimaa
483,2,BUSINESS,2,1,1,5,1,3,Y,Helsinki_Uusimaa
484,2,FAMILY,3,3,2,3,2,3,Y,Turku_Southwest_Finland
485,0,FAMILY,4,5,3,5,5,5,Y,Tampere_Pirkanmaa
486,0,COUPLES,4,4,3,4,4,4,Y,Helsinki_Uusimaa
487,0,COUPLES,4,4,5,5,3,4,Y,Helsinki_Uusimaa
488,2,COUPLES,4,3,4,3,5,4,Y,Espoo_Uusimaa
489,3,BUSINESS,4,3,4,5,4,4,Y,Helsinki_Uusimaa
490,4,BUSINESS,4,3,4,5,5,3,Y,Helsinki_Uusimaa
491,0,COUPLES,4,4,4,5,4,4,Y,Tampere_Pirkanmaa
492,3,SOLO,2,3,3,5,4,2,Y,Helsinki_Uusimaa
493,0,BUSINESS,5,5,5,5,5,5,Y,Levi_Lapland
494,0,SOLO,4,4,3,3,4,4,Y,Vantaa_Uusimaa
495,1,COUPLES,4,4,4,3,4,4,Y,Espoo_Uusimaa
496,0,BUSINESS,4,5,3,5,4,4,Y,Helsinki_Uusimaa
497,1,COUPLES,4,4,4,5,4,3,Y,Helsinki_Uusimaa
498,4,COUPLES,3,3,4,4,3,1,Y,Helsinki_Uusimaa
499,0,COUPLES,4,5,3,5,4,4,Y,Helsinki_Uusimaa
500,0,COUPLES,4,4,4,4,4,5,Y,Vantaa_Uusimaa
501,3,BUSINESS,5,5,5,5,5,5,N,Helsinki_Uusimaa
502,3,BUSINESS,4,4,2,2,5,4,N,Helsinki_Uusimaa
503,1,FAMILY,3,3,3,3,4,3,N,Naantali_Southwest_Finland
504,2,SOLO,3,3,3,4,3,3,N,Helsinki_Uusimaa
505,5,COUPLES,5,5,5,5,5,5,N,Saariselka_Lapland
506,3,BUSINESS,4,4,3,4,4,4,N,Helsinki_Uusimaa
507,4,COUPLES,4,4,5,5,5,5,N,Helsinki_Uusimaa
508,7,FAMILY,3,4,3,5,3,3,N,Saariselka_Lapland
509,1,BUSINESS,5,5,5,4,5,5,N,Espoo_Uusimaa
510,1,FAMILY,3,3,4,3,3,3,N,Helsinki_Uusimaa
511,4,FAMILY,3,3,3,4,3,2,N,Helsinki_Uusimaa
512,11,BUSINESS,4,5,4,4,5,5,N,Helsinki_Uusimaa
513,4,COUPLES,4,4,5,5,5,4,N,Turku_Southwest_Finland
514,2,COUPLES,4,4,4,4,5,5,N,Helsinki_Uusimaa
515,6,SOLO,4,4,5,5,4,4,N,Helsinki_Uusimaa
516,1,COUPLES,3,4,4,4,4,4,N,Rauma_Satakunta
517,2,COUPLES,3,3,1,5,2,3,N,Vaasa_Ostrobothnia
518,0,COUPLES,3,3,3,5,2,3,N,Oulu_Northern_Ostrobothnia
519,4,COUPLES,4,4,3,4,3,4,N,Helsinki_Uusimaa
520,2,FAMILY,4,4,3,4,3,3,N,Hameenlinna_Tavastia_Proper
521,10,COUPLES,3,3,4,5,5,3,N,Saariselka_Lapland
522,0,COUPLES,4,5,5,5,5,3,N,Oulu_Northern_Ostrobothnia
523,3,COUPLES,4,4,4,5,5,2,N,Lahti_Tavastia_Proper
524,11,SOLO,5,5,5,5,5,5,N,Helsinki_Uusimaa
525,6,FAMILY,4,4,4,5,5,5,N,Helsinki_Uusimaa
526,8,FAMILY,4,4,4,5,5,4,N,Helsinki_Uusimaa
527,6,SOLO,3,3,4,5,5,2,N,Helsinki_Uusimaa
528,7,BUSINESS,4,4,4,2,5,5,N,Helsinki_Uusimaa
529,4,COUPLES,5,5,5,5,5,5,N,Helsinki_Uusimaa
530,10,BUSINESS,5,4,4,5,5,5,N,Helsinki_Uusimaa
531,9,BUSINESS,4,5,4,5,4,4,N,Helsinki_Uusimaa
532,5,FRIENDS,5,5,5,5,5,5,N,Helsinki_Uusimaa
533,6,FRIENDS,3,4,5,3,5,4,N,Tampere_Pirkanmaa
534,8,BUSINESS,5,4,5,5,5,5,N,Helsinki_Uusimaa
535,2,BUSINESS,5,5,5,5,5,5,N,Koli_National_Park_North_Karelia
536,6,FRIENDS,4,4,4,5,5,5,N,Helsinki_Uusimaa
537,4,FRIENDS,4,3,3,4,2,3,N,Helsinki_Uusimaa
538,31,COUPLES,5,4,4,5,5,5,N,Yllasjarvi_Lapland
539,2,FAMILY,3,3,3,2,3,2,N,Turku_Southwest_Finland
540,6,COUPLES,4,5,4,5,4,5,N,Helsinki_Uusimaa
541,1,BUSINESS,4,4,4,5,5,5,N,Helsinki_Uusimaa
542,3,COUPLES,5,5,5,5,4,4,N,Helsinki_Uusimaa
543,2,BUSINESS,4,4,4,3,3,3,N,Helsinki_Uusimaa
544,8,BUSINESS,4,5,5,5,5,5,N,Helsinki_Uusimaa
545,19,FAMILY,1,1,2,4,1,1,N,Saariselka_Lapland
546,10,SOLO,4,4,4,4,4,4,N,Helsinki_Uusimaa
547,3,BUSINESS,4,4,4,4,4,4,N,Helsinki_Uusimaa
548,8,COUPLES,5,4,4,4,5,4,N,Helsinki_Uusimaa
549,3,COUPLES,5,4,2,5,5,4,N,Muonio_Lapland
550,5,COUPLES,5,4,5,5,4,5,N,Helsinki_Uusimaa
551,5,BUSINESS,3,4,3,4,4,4,N,Helsinki_Uusimaa
552,5,COUPLES,5,5,5,5,5,5,N,Helsinki_Uusimaa
553,6,FAMILY,5,4,3,4,5,5,N,Akaslompolo_Lapland
554,4,FAMILY,5,5,5,5,5,5,N,Helsinki_Uusimaa
555,1,BUSINESS,4,3,3,4,4,4,N,Joensuu_North_Karelia
556,3,BUSINESS,5,4,5,4,5,5,N,Helsinki_Uusimaa
557,5,BUSINESS,4,3,4,2,5,3,N,Helsinki_Uusimaa
558,3,FRIENDS,4,4,4,4,5,5,N,Tampere_Pirkanmaa
559,10,BUSINESS,5,5,5,5,4,5,N,Helsinki_Uusimaa
560,4,COUPLES,5,4,4,5,4,4,N,Helsinki_Uusimaa
561,2,COUPLES,5,5,5,3,5,5,N,Helsinki_Uusimaa
562,7,COUPLES,5,5,4,5,5,4,N,Helsinki_Uusimaa
563,6,FAMILY,3,4,3,4,4,3,N,Helsinki_Uusimaa
564,2,BUSINESS,4,3,4,3,4,3,N,Helsinki_Uusimaa
565,4,FAMILY,4,5,3,5,4,4,N,Turku_Southwest_Finland
566,4,FRIENDS,5,5,4,4,4,5,N,Helsinki_Uusimaa
567,3,BUSINESS,5,4,5,4,5,5,N,Helsinki_Uusimaa
568,11,COUPLES,5,5,5,5,5,5,N,Helsinki_Uusimaa
569,4,BUSINESS,4,4,5,3,5,4,N,Varkaus_Northern_Savonia
570,4,COUPLES,5,5,5,5,5,5,N,Levi_Lapland
571,4,SOLO,5,5,4,5,4,3,N,Helsinki_Uusimaa
572,7,COUPLES,5,5,5,5,5,5,N,Helsinki_Uusimaa
573,2,BUSINESS,3,3,3,4,3,5,N,Helsinki_Uusimaa
574,7,BUSINESS,5,5,5,4,5,5,N,Helsinki_Uusimaa
575,3,FAMILY,4,4,4,5,4,4,N,Rovaniemi_Lapland
576,7,BUSINESS,4,4,4,4,4,4,N,Helsinki_Uusimaa
577,3,SOLO,3,4,3,4,3,3,N,Helsinki_Uusimaa
578,3,COUPLES,5,5,5,5,5,4,N,Helsinki_Uusimaa
579,5,FAMILY,5,5,4,5,5,5,N,Luosto_Lapland
580,3,BUSINESS,4,3,3,5,4,4,N,Helsinki_Uusimaa
581,3,BUSINESS,4,5,3,4,3,3,N,Helsinki_Uusimaa
582,3,FAMILY,4,3,3,5,5,4,N,Saariselka_Lapland
583,15,COUPLES,4,4,4,5,5,4,N,Levi_Lapland
584,3,COUPLES,5,5,4,5,4,3,N,Helsinki_Uusimaa
585,5,BUSINESS,3,3,2,4,3,3,N,Helsinki_Uusimaa
586,11,BUSINESS,5,5,5,5,5,4,N,Helsinki_Uusimaa
587,11,FAMILY,3,4,3,3,4,4,N,Rovaniemi_Lapland
588,46,FAMILY,3,3,3,5,5,5,N,Saariselka_Lapland
589,3,FAMILY,3,4,3,3,3,3,N,Saariselka_Lapland
590,7,BUSINESS,5,5,5,5,4,5,N,Helsinki_Uusimaa
591,11,FAMILY,5,5,5,5,5,5,N,Rovaniemi_Lapland
592,5,BUSINESS,4,4,4,3,5,4,N,Espoo_Uusimaa
593,3,FRIENDS,4,3,5,5,5,4,N,Saariselka_Lapland
594,1,BUSINESS,5,5,4,5,5,4,N,Helsinki_Uusimaa
595,9,COUPLES,4,4,5,5,5,4,N,Helsinki_Uusimaa
596,13,BUSINESS,5,5,4,5,5,5,N,Helsinki_Uusimaa
597,2,FAMILY,2,2,2,4,4,4,N,Akaslompolo_Lapland
598,11,FAMILY,1,1,3,3,4,3,N,Levi_Lapland
599,4,FAMILY,3,3,5,5,5,3,N,Rovaniemi_Lapland
600,0,FRIENDS,3,3,3,5,3,3,N,Saariselka_Lapland
601,3,FAMILY,3,3,4,5,3,3,N,Rovaniemi_Lapland
602,3,FAMILY,3,3,3,4,3,3,N,Saariselka_Lapland
603,3,SOLO,4,4,4,4,3,4,N,Helsinki_Uusimaa
604,7,FAMILY,4,4,5,5,5,3,N,Saariselka_Lapland
605,7,FAMILY,5,5,5,5,5,5,N,Rovaniemi_Lapland
606,6,SOLO,3,3,2,4,3,3,N,Helsinki_Uusimaa
607,10,FAMILY,5,5,5,5,5,5,N,Helsinki_Uusimaa
608,7,BUSINESS,5,5,5,5,5,5,N,Helsinki_Uusimaa
609,4,BUSINESS,4,4,4,5,4,4,N,Helsinki_Uusimaa
610,3,FAMILY,3,3,3,4,3,3,N,Saariselka_Lapland
611,3,FAMILY,2,2,3,3,2,5,N,Rovaniemi_Lapland
612,7,COUPLES,5,3,5,5,4,4,N,Saariselka_Lapland
613,6,FAMILY,5,5,5,5,5,5,N,Levi_Lapland
614,4,FAMILY,3,2,3,3,4,3,N,Rovaniemi_Lapland
615,8,BUSINESS,5,5,5,5,5,5,N,Helsinki_Uusimaa
616,5,BUSINESS,4,4,4,3,4,3,N,Helsinki_Uusimaa
617,5,FAMILY,5,4,5,4,4,3,N,Saariselka_Lapland
618,10,COUPLES,1,1,2,5,2,1,N,Levi_Lapland
619,1,BUSINESS,3,3,3,4,4,4,N,Joensuu_North_Karelia
620,3,COUPLES,4,5,5,5,5,4,N,Turku_Southwest_Finland
621,10,BUSINESS,3,3,4,5,3,2,N,Helsinki_Uusimaa
622,3,COUPLES,5,4,5,5,5,3,N,Vuokatti_Kainuu
623,15,BUSINESS,5,4,5,5,5,4,N,Helsinki_Uusimaa
624,5,COUPLES,5,4,5,5,5,5,N,Tampere_Pirkanmaa
625,12,FRIENDS,5,5,5,4,5,5,N,Levi_Lapland
626,16,BUSINESS,5,5,5,5,5,5,N,Helsinki_Uusimaa
627,6,COUPLES,2,2,3,5,3,1,N,Helsinki_Uusimaa
628,7,COUPLES,3,4,3,4,4,4,N,Helsinki_Uusimaa
629,11,COUPLES,3,3,3,4,3,3,N,Helsinki_Uusimaa
630,5,BUSINESS,3,3,3,3,4,4,N,Helsinki_Uusimaa
631,10,COUPLES,5,4,5,5,5,5,N,Levi_Lapland
632,4,BUSINESS,2,2,2,5,5,5,N,Helsinki_Uusimaa
633,1,COUPLES,5,4,5,5,5,5,N,Saariselka_Lapland
634,11,COUPLES,5,5,5,5,5,5,N,Yllasjarvi_Lapland
635,6,BUSINESS,2,2,2,3,2,1,N,Helsinki_Uusimaa
636,4,FAMILY,5,4,5,4,5,5,N,Saariselka_Lapland
637,5,COUPLES,2,2,2,4,4,3,N,Vantaa_Uusimaa
638,13,FAMILY,5,4,5,5,5,5,N,Iso_Syote_Lapland
639,6,FAMILY,4,3,3,4,4,3,N,Saariselka_Lapland
640,4,BUSINESS,2,2,3,4,3,3,N,Vantaa_Uusimaa
641,11,COUPLES,5,5,5,5,5,5,N,Levi_Lapland
642,3,BUSINESS,4,4,4,4,5,4,N,Helsinki_Uusimaa
643,4,FAMILY,4,4,3,4,4,4,N,Muonio_Lapland
644,8,BUSINESS,4,4,5,5,5,3,N,Helsinki_Uusimaa
645,21,COUPLES,5,5,5,5,4,4,N,Akaslompolo_Lapland
646,4,COUPLES,4,5,3,4,5,4,N,Helsinki_Uusimaa
647,3,COUPLES,5,5,5,5,5,5,N,Yllasjarvi_Lapland
648,6,FAMILY,3,4,3,5,4,4,N,Rovaniemi_Lapland
649,11,COUPLES,4,4,4,4,4,4,N,Levi_Lapland
650,9,FRIENDS,5,4,5,3,5,5,N,Kemi_Lapland
651,2,SOLO,4,3,4,3,5,3,N,Helsinki_Uusimaa
652,0,BUSINESS,3,3,3,5,5,5,N,Oulu_Northern_Ostrobothnia
653,3,FRIENDS,4,4,4,5,3,3,N,Helsinki_Uusimaa
654,4,FRIENDS,3,4,5,5,5,3,N,Helsinki_Uusimaa
655,6,FRIENDS,2,2,4,3,4,3,N,Rovaniemi_Lapland
656,13,FAMILY,5,5,5,5,5,5,N,Levi_Lapland
657,4,BUSINESS,2,2,2,3,3,2,N,Kotka_Kymenlaakso
658,1,FAMILY,3,3,3,3,2,3,N,Turku_Southwest_Finland
659,2,BUSINESS,5,5,5,4,5,5,N,Tampere_Pirkanmaa
660,8,BUSINESS,5,4,5,5,5,5,N,Helsinki_Uusimaa
661,5,FAMILY,4,4,4,4,5,3,N,Helsinki_Uusimaa
662,2,FAMILY,5,5,5,5,5,5,N,Muonio_Lapland
663,0,BUSINESS,2,3,3,4,3,3,N,Oulu_Northern_Ostrobothnia
664,8,BUSINESS,5,5,5,5,5,5,N,Helsinki_Uusimaa
665,6,COUPLES,4,4,4,5,4,3,N,Helsinki_Uusimaa
666,4,COUPLES,3,3,3,3,4,3,N,Helsinki_Uusimaa
667,11,COUPLES,3,3,2,2,3,3,N,Yllasjarvi_Lapland
668,1,FRIENDS,5,5,5,5,5,5,N,Tampere_Pirkanmaa
669,3,FAMILY,4,5,4,4,4,4,N,Tampere_Pirkanmaa
670,12,COUPLES,4,4,5,3,5,3,N,Levi_Lapland
671,5,COUPLES,3,3,3,4,4,3,N,Helsinki_Uusimaa
672,7,COUPLES,4,4,4,5,4,4,N,Helsinki_Uusimaa
673,6,BUSINESS,5,5,5,3,5,5,N,Helsinki_Uusimaa
674,4,COUPLES,2,2,2,3,2,3,N,Helsinki_Uusimaa
675,8,FRIENDS,5,5,5,5,5,5,N,Helsinki_Uusimaa
676,3,COUPLES,4,4,4,5,4,4,N,Inari_Lapland
677,1,COUPLES,4,4,4,5,5,5,N,Rovaniemi_Lapland
678,6,FAMILY,4,5,4,4,3,4,N,Helsinki_Uusimaa
679,8,FAMILY,5,5,5,5,5,5,N,Levi_Lapland
680,3,COUPLES,4,4,3,3,4,4,N,Muonio_Lapland
681,9,BUSINESS,5,5,5,5,5,3,N,Helsinki_Uusimaa
682,10,COUPLES,5,5,5,5,5,5,N,Helsinki_Uusimaa
683,2,COUPLES,5,3,4,4,4,5,N,Porvoo_Uusimaa
684,8,BUSINESS,3,3,3,3,5,4,N,Helsinki_Uusimaa
685,4,COUPLES,5,5,4,5,5,5,N,Muonio_Lapland
686,8,COUPLES,5,5,5,5,5,5,N,Helsinki_Uusimaa
687,5,FAMILY,5,4,5,5,5,5,N,Levi_Lapland
688,3,COUPLES,3,3,5,3,4,5,N,Kuusamo_Northern_Ostrobothnia
689,3,FAMILY,5,5,4,4,5,5,N,Saariselka_Lapland
690,7,COUPLES,5,4,5,5,5,5,N,Helsinki_Uusimaa
691,10,FAMILY,4,4,4,5,5,4,N,Helsinki_Uusimaa
692,11,BUSINESS,2,2,3,2,4,1,N,Helsinki_Uusimaa
693,6,BUSINESS,4,5,5,5,5,4,N,Helsinki_Uusimaa
694,3,FAMILY,5,4,5,5,5,5,N,Saariselka_Lapland
695,5,BUSINESS,4,5,4,3,4,4,N,Helsinki_Uusimaa
696,7,COUPLES,4,4,4,4,4,4,N,Helsinki_Uusimaa
697,2,COUPLES,2,2,3,2,5,1,N,Vantaa_Uusimaa
698,3,COUPLES,3,4,4,5,2,3,N,Tampere_Pirkanmaa
699,1,COUPLES,4,3,4,3,5,3,N,Oulu_Northern_Ostrobothnia
700,8,FRIENDS,4,5,4,4,5,5,N,Helsinki_Uusimaa
701,11,BUSINESS,5,4,5,5,5,5,N,Helsinki_Uusimaa
702,10,COUPLES,4,3,5,5,5,4,N,Levi_Lapland
703,11,COUPLES,2,2,3,4,4,1,N,Helsinki_Uusimaa
704,2,COUPLES,4,4,4,3,4,4,N,Helsinki_Uusimaa
705,3,COUPLES,5,3,4,5,5,3,N,Levi_Lapland
706,8,SOLO,4,4,3,5,3,3,N,Helsinki_Uusimaa
707,7,FAMILY,4,4,4,5,4,4,N,Rovaniemi_Lapland
708,5,COUPLES,4,4,4,5,4,3,N,Iso_Syote_Lapland
709,12,COUPLES,5,4,5,5,5,2,N,Helsinki_Uusimaa
710,4,BUSINESS,3,4,2,5,4,3,N,Helsinki_Uusimaa
711,3,COUPLES,4,3,3,4,4,3,N,Vantaa_Uusimaa
712,3,COUPLES,4,5,4,4,4,3,N,Turku_Southwest_Finland
713,10,BUSINESS,2,2,2,4,3,3,N,Helsinki_Uusimaa
714,2,BUSINESS,4,4,4,5,4,5,N,Helsinki_Uusimaa
715,3,FAMILY,2,2,2,4,1,3,N,Turku_Southwest_Finland
716,2,FRIENDS,4,5,5,4,5,4,N,Tampere_Pirkanmaa
717,2,FRIENDS,3,3,2,5,4,2,N,Helsinki_Uusimaa
718,3,COUPLES,4,4,4,5,5,4,N,Helsinki_Uusimaa
719,10,COUPLES,5,5,5,5,5,5,N,Helsinki_Uusimaa
720,6,COUPLES,5,5,5,4,5,5,N,Helsinki_Uusimaa
721,2,COUPLES,3,3,3,3,3,3,N,Tampere_Pirkanmaa
722,6,BUSINESS,4,3,5,3,5,5,N,Helsinki_Uusimaa
723,13,FRIENDS,5,4,5,5,5,5,N,Saariselka_Lapland
724,8,FAMILY,4,4,3,5,3,4,N,Helsinki_Uusimaa
725,3,FAMILY,2,4,3,5,4,2,N,Saariselka_Lapland
726,10,FAMILY,5,5,5,5,5,4,N,Helsinki_Uusimaa
727,6,COUPLES,4,5,5,5,5,5,N,Helsinki_Uusimaa
728,9,COUPLES,5,5,5,5,5,5,N,Helsinki_Uusimaa
729,2,BUSINESS,4,5,4,5,5,4,N,Oulu_Northern_Ostrobothnia
730,7,BUSINESS,3,3,4,5,2,3,N,Helsinki_Uusimaa
731,5,FAMILY,5,4,5,5,5,4,N,Rovaniemi_Lapland
732,12,BUSINESS,5,5,4,4,5,5,N,Helsinki_Uusimaa
733,2,BUSINESS,2,2,1,1,1,1,N,Espoo_Uusimaa
734,2,COUPLES,4,4,3,5,4,3,N,Helsinki_Uusimaa
735,5,COUPLES,1,1,3,4,1,2,N,Helsinki_Uusimaa
736,6,BUSINESS,5,5,5,5,5,4,N,Helsinki_Uusimaa
737,12,COUPLES,4,4,4,4,4,4,N,Helsinki_Uusimaa
738,3,BUSINESS,4,4,3,4,3,4,N,Espoo_Uusimaa
739,1,BUSINESS,4,5,4,3,4,4,N,Pori_Satakunta
740,11,BUSINESS,4,4,3,4,4,3,N,Helsinki_Uusimaa
741,6,BUSINESS,4,4,3,3,4,3,N,Helsinki_Uusimaa
742,5,FAMILY,5,5,3,3,4,5,N,Kouvola_Kymenlaakso
743,4,COUPLES,5,5,5,5,5,4,N,Helsinki_Uusimaa
744,11,COUPLES,5,5,5,5,5,5,N,Helsinki_Uusimaa
745,6,COUPLES,3,3,4,3,4,3,N,Helsinki_Uusimaa
746,2,BUSINESS,5,5,4,5,5,5,N,Helsinki_Uusimaa
747,6,COUPLES,5,3,5,4,4,4,N,Rovaniemi_Lapland
748,8,COUPLES,3,3,3,4,3,3,N,Helsinki_Uusimaa
749,13,BUSINESS,3,3,4,3,4,5,N,Helsinki_Uusimaa
750,17,BUSINESS,4,2,5,5,5,5,N,Helsinki_Uusimaa
751,7,FAMILY,5,5,5,5,5,3,N,Helsinki_Uusimaa
752,2,COUPLES,4,5,5,5,5,5,N,Rovaniemi_Lapland
753,7,FRIENDS,5,5,5,5,5,5,N,Helsinki_Uusimaa
754,1,COUPLES,5,4,3,5,5,3,N,Inari_Lapland
755,2,FAMILY,4,4,4,4,4,3,N,Kemi_Lapland
756,1,FAMILY,5,5,5,5,5,5,N,Tampere_Pirkanmaa
757,7,COUPLES,4,4,4,5,4,4,N,Helsinki_Uusimaa
758,3,FRIENDS,2,2,2,4,2,3,N,Mariehamn_Aland_Island_Aland
759,1,COUPLES,3,3,4,5,3,3,N,Lahti_Tavastia_Proper
760,7,COUPLES,5,5,3,5,5,5,N,Helsinki_Uusimaa
761,10,SOLO,4,4,4,3,5,4,N,Helsinki_Uusimaa
762,5,COUPLES,5,5,5,4,5,4,N,Helsinki_Uusimaa
763,2,BUSINESS,3,3,4,5,5,4,N,Helsinki_Uusimaa
764,4,BUSINESS,2,2,2,4,2,1,N,Helsinki_Uusimaa
765,1,BUSINESS,4,3,4,4,4,3,N,Helsinki_Uusimaa
766,0,FAMILY,4,4,5,3,4,4,N,Vantaa_Uusimaa
767,17,FAMILY,5,5,5,5,5,5,N,Saariselka_Lapland
768,3,FAMILY,5,5,5,5,5,5,N,Rovaniemi_Lapland
769,16,COUPLES,5,5,5,5,5,5,N,Helsinki_Uusimaa
770,1,BUSINESS,5,4,4,5,5,4,N,Tampere_Pirkanmaa
771,10,COUPLES,4,4,3,5,4,5,N,Helsinki_Uusimaa
772,2,COUPLES,5,4,5,5,5,5,N,Muonio_Lapland
773,14,COUPLES,5,4,5,5,5,5,N,Helsinki_Uusimaa
774,3,BUSINESS,3,3,3,4,4,3,N,Mariehamn_Aland_Island_Aland
775,3,BUSINESS,4,4,4,3,5,5,N,Vantaa_Uusimaa
776,2,COUPLES,4,4,5,5,4,4,N,Luosto_Lapland
777,2,FAMILY,4,5,4,3,4,4,N,Helsinki_Uusimaa
778,5,FAMILY,5,5,5,5,5,5,N,Saariselka_Lapland
779,6,SOLO,5,5,5,5,5,5,N,Helsinki_Uusimaa
780,4,COUPLES,5,5,5,5,5,4,N,Helsinki_Uusimaa
781,4,FAMILY,5,5,5,5,5,5,N,Helsinki_Uusimaa
782,4,FAMILY,3,3,3,5,3,3,N,Helsinki_Uusimaa
783,8,FRIENDS,5,4,5,4,5,5,N,Helsinki_Uusimaa
784,1,BUSINESS,5,5,5,5,5,5,N,Helsinki_Uusimaa
785,1,FAMILY,3,3,5,4,5,4,N,Tampere_Pirkanmaa
786,1,COUPLES,3,3,3,5,2,4,N,Helsinki_Uusimaa
787,1,COUPLES,4,4,4,5,4,4,N,Helsinki_Uusimaa
788,4,COUPLES,5,5,4,4,5,4,N,Helsinki_Uusimaa
789,4,SOLO,5,5,4,4,5,5,N,Turku_Southwest_Finland
790,1,FAMILY,4,4,4,5,4,3,N,Tampere_Pirkanmaa
791,2,FAMILY,3,3,2,5,4,4,N,Helsinki_Uusimaa
792,2,BUSINESS,4,4,4,5,4,4,N,Helsinki_Uusimaa
793,3,FAMILY,4,4,3,5,4,3,N,Helsinki_Uusimaa
794,5,COUPLES,4,4,5,5,5,5,N,Helsinki_Uusimaa
795,4,COUPLES,5,5,5,5,5,5,N,Helsinki_Uusimaa
796,5,COUPLES,5,4,5,5,5,5,N,Helsinki_Uusimaa
797,0,FAMILY,5,5,5,5,5,5,N,Nagu_Southwest_Finland
798,0,FAMILY,3,3,2,3,3,3,N,Naantali_Southwest_Finland
799,0,COUPLES,4,4,4,4,4,4,N,Tampere_Pirkanmaa
800,6,COUPLES,5,5,5,5,5,5,N,Helsinki_Uusimaa
801,3,COUPLES,4,4,4,5,5,4,N,Helsinki_Uusimaa
802,8,BUSINESS,2,2,3,5,3,1,N,Helsinki_Uusimaa
803,14,FAMILY,5,5,4,5,5,5,N,Rovaniemi_Lapland
804,4,COUPLES,5,5,5,5,5,5,N,Helsinki_Uusimaa
805,1,FRIENDS,4,4,4,5,4,4,N,Helsinki_Uusimaa
806,3,BUSINESS,5,5,5,4,5,5,N,Helsinki_Uusimaa
807,2,SOLO,4,4,4,4,3,3,N,Imatra_South_Karelia
808,5,BUSINESS,1,1,1,3,1,2,N,Kotka_Kymenlaakso
809,2,COUPLES,5,5,5,5,5,4,N,Savonlinna_Southern_Savonia
810,2,COUPLES,4,4,4,4,4,4,N,Savonlinna_Southern_Savonia
811,2,COUPLES,4,4,4,5,5,3,N,Helsinki_Uusimaa
812,3,BUSINESS,5,5,5,5,5,5,N,Helsinki_Uusimaa
813,4,FAMILY,4,5,4,4,5,4,N,Helsinki_Uusimaa
814,1,FRIENDS,4,4,4,5,5,3,N,Helsinki_Uusimaa
815,2,FAMILY,5,5,5,5,5,5,N,Helsinki_Uusimaa
816,2,COUPLES,5,5,5,5,4,5,N,Helsinki_Uusimaa
817,1,BUSINESS,4,3,4,5,4,4,N,Helsinki_Uusimaa
818,2,SOLO,3,2,4,4,4,3,N,Helsinki_Uusimaa
819,4,BUSINESS,1,1,4,2,4,1,N,Vantaa_Uusimaa
820,3,FAMILY,3,4,3,4,2,2,N,Helsinki_Uusimaa
821,1,COUPLES,5,5,5,4,5,5,N,Helsinki_Uusimaa
822,2,COUPLES,1,1,1,2,1,2,N,Tampere_Pirkanmaa
823,0,COUPLES,2,2,2,4,1,1,N,Helsinki_Uusimaa
824,2,COUPLES,4,5,4,4,5,4,N,Lappeenranta_South_Karelia
825,3,BUSINESS,5,5,5,4,5,5,N,Vantaa_Uusimaa
826,1,COUPLES,5,4,5,5,5,3,N,Helsinki_Uusimaa
827,1,COUPLES,4,4,4,4,4,4,N,Tampere_Pirkanmaa
828,3,COUPLES,4,4,4,4,5,4,N,Helsinki_Uusimaa
829,1,BUSINESS,5,4,5,5,5,4,N,Helsinki_Uusimaa
830,2,COUPLES,5,5,5,5,5,5,N,Helsinki_Uusimaa
831,3,FRIENDS,4,4,4,4,5,5,N,Helsinki_Uusimaa
832,1,FRIENDS,5,5,5,5,5,5,N,Helsinki_Uusimaa
833,3,BUSINESS,5,3,5,3,5,5,N,Helsinki_Uusimaa
834,5,COUPLES,5,5,5,5,5,5,N,Helsinki_Uusimaa
835,4,FAMILY,4,4,3,4,4,3,N,Helsinki_Uusimaa
836,2,COUPLES,5,4,5,5,5,5,N,Helsinki_Uusimaa
837,4,BUSINESS,5,5,5,4,5,5,N,Helsinki_Uusimaa
838,2,BUSINESS,5,5,5,5,5,4,N,Helsinki_Uusimaa
839,2,SOLO,4,4,5,5,5,5,N,Helsinki_Uusimaa
840,1,BUSINESS,4,4,4,5,5,5,N,Oulu_Northern_Ostrobothnia
841,2,BUSINESS,4,5,4,5,5,5,N,Helsinki_Uusimaa
842,1,BUSINESS,4,4,4,5,3,4,N,Jyvaskyla_Central_Finland
843,4,SOLO,4,4,4,5,4,5,N,Helsinki_Uusimaa
844,4,COUPLES,5,5,5,5,5,5,N,Helsinki_Uusimaa
845,8,COUPLES,5,5,5,5,5,5,N,Helsinki_Uusimaa
846,4,COUPLES,4,4,5,4,4,4,N,Helsinki_Uusimaa
847,0,BUSINESS,5,4,5,4,5,4,N,Helsinki_Uusimaa
848,3,FAMILY,5,5,5,5,5,5,N,Helsinki_Uusimaa
849,7,SOLO,3,3,4,4,4,2,N,Helsinki_Uusimaa
850,1,FAMILY,2,1,1,4,1,2,N,Rovaniemi_Lapland
851,3,SOLO,4,4,4,2,5,4,N,Helsinki_Uusimaa
852,2,COUPLES,5,4,4,4,5,5,N,Helsinki_Uusimaa
853,5,BUSINESS,5,5,5,4,5,5,N,Helsinki_Uusimaa
854,1,BUSINESS,5,4,4,5,5,4,N,Helsinki_Uusimaa
855,1,BUSINESS,4,4,3,5,4,4,N,Vaasa_Ostrobothnia
856,1,BUSINESS,3,3,3,3,3,3,N,Espoo_Uusimaa
857,2,BUSINESS,4,4,5,5,5,5,N,Helsinki_Uusimaa
858,3,BUSINESS,2,2,1,5,4,4,N,Helsinki_Uusimaa
859,0,BUSINESS,3,3,3,3,3,3,N,Vaasa_Ostrobothnia
860,2,BUSINESS,3,3,2,4,3,3,N,Helsinki_Uusimaa
861,2,BUSINESS,3,3,4,3,4,3,N,Espoo_Uusimaa
862,6,SOLO,5,5,5,4,5,5,N,Helsinki_Uusimaa
863,5,FAMILY,4,5,3,5,4,4,N,Saariselka_Lapland
864,3,FAMILY,5,5,4,4,5,5,N,Helsinki_Uusimaa
865,0,COUPLES,3,3,3,2,3,3,N,Tampere_Pirkanmaa
866,0,COUPLES,4,4,4,4,4,4,N,Turku_Southwest_Finland
867,0,BUSINESS,4,4,4,4,4,4,N,Turku_Southwest_Finland
868,0,BUSINESS,2,2,1,5,2,5,N,Kokkola_Central_Ostrobothnia
869,0,BUSINESS,5,4,4,4,5,5,N,Turku_Southwest_Finland
870,10,FAMILY,5,5,5,5,5,3,N,Yllasjarvi_Lapland
871,1,COUPLES,1,1,1,3,1,2,N,Helsinki_Uusimaa
872,1,FRIENDS,5,5,5,5,5,5,N,Tampere_Pirkanmaa
873,0,BUSINESS,5,5,5,4,4,5,N,Helsinki_Uusimaa
874,0,COUPLES,5,5,4,5,4,5,N,Helsinki_Uusimaa
875,2,BUSINESS,5,5,5,5,5,5,N,Helsinki_Uusimaa
876,3,BUSINESS,3,2,2,4,3,3,N,Helsinki_Uusimaa
877,2,COUPLES,5,5,5,5,5,5,N,Helsinki_Uusimaa
878,3,FAMILY,3,3,3,4,3,4,N,Helsinki_Uusimaa
879,6,FAMILY,3,2,1,4,3,2,N,Rovaniemi_Lapland
880,1,BUSINESS,5,5,5,5,5,5,N,Tahkovuori_Northern_Savonia
881,0,BUSINESS,4,4,4,4,4,4,N,Helsinki_Uusimaa
882,1,BUSINESS,4,4,4,3,4,4,N,Jarvenpaa_Uusimaa
883,2,COUPLES,5,5,5,5,5,5,N,Helsinki_Uusimaa
884,0,COUPLES,4,4,4,4,4,4,N,Sodankyla_Lapland
885,3,COUPLES,2,3,4,3,3,2,N,Inari_Lapland
886,4,COUPLES,4,3,4,3,4,3,N,Levi_Lapland
887,0,SOLO,4,4,4,4,5,5,N,Helsinki_Uusimaa
888,13,COUPLES,5,4,5,5,5,5,N,Helsinki_Uusimaa
889,2,BUSINESS,4,4,4,4,5,5,N,Helsinki_Uusimaa
890,4,SOLO,4,4,4,5,3,4,N,Helsinki_Uusimaa
891,5,FAMILY,5,5,5,5,5,5,N,Iso_Syote_Lapland
892,4,BUSINESS,4,3,5,5,5,4,N,Helsinki_Uusimaa
893,0,BUSINESS,2,3,3,4,2,2,N,Helsinki_Uusimaa
894,0,FRIENDS,5,5,5,5,5,5,N,Helsinki_Uusimaa
895,2,COUPLES,3,4,4,5,4,4,N,Helsinki_Uusimaa
896,6,FAMILY,5,5,3,5,4,5,N,Akaslompolo_Lapland
897,4,FAMILY,4,3,2,5,4,3,N,Saariselka_Lapland
898,1,COUPLES,5,4,4,5,4,5,N,Helsinki_Uusimaa
899,12,FAMILY,5,5,3,5,5,5,N,Akaslompolo_Lapland
900,7,FAMILY,4,3,3,5,4,4,N,Karesuvanto_Lapland
901,4,FAMILY,4,4,4,4,4,4,N,Saariselka_Lapland
902,2,FAMILY,4,4,3,5,4,3,N,Rovaniemi_Lapland
903,8,COUPLES,1,1,1,5,2,1,N,Akaslompolo_Lapland
904,7,FAMILY,4,4,5,5,4,4,N,Akaslompolo_Lapland
905,3,FAMILY,1,1,4,5,4,4,N,Muonio_Lapland
906,2,FAMILY,4,4,3,5,4,4,N,Saariselka_Lapland
907,5,FAMILY,5,5,5,5,5,5,N,Levi_Lapland
908,4,FAMILY,4,5,4,4,4,3,N,Saariselka_Lapland
909,10,FAMILY,5,5,5,5,5,5,N,Rovaniemi_Lapland
910,9,FAMILY,4,5,4,5,4,3,N,Levi_Lapland
911,4,FAMILY,4,5,3,5,5,5,N,Muonio_Lapland
912,2,FAMILY,5,5,4,5,3,3,N,Luosto_Lapland
913,1,FAMILY,5,5,3,5,4,5,N,Muonio_Lapland
914,1,FAMILY,2,2,2,5,4,4,N,Rovaniemi_Lapland
915,2,FAMILY,4,4,3,4,3,4,N,Muonio_Lapland
916,0,COUPLES,5,4,5,5,4,5,N,Helsinki_Uusimaa
917,4,FAMILY,3,3,2,4,3,1,N,Saariselka_Lapland
918,3,FAMILY,3,3,3,4,2,3,N,Levi_Lapland
919,5,FAMILY,5,4,5,5,5,5,N,Iso_Syote_Lapland
920,5,FAMILY,3,3,5,5,5,4,N,Levi_Lapland
921,2,COUPLES,4,4,3,5,4,3,N,Vantaa_Uusimaa
922,1,FAMILY,5,5,3,5,5,5,N,Muonio_Lapland
923,8,FRIENDS,2,2,2,5,4,1,N,Helsinki_Uusimaa
924,5,FAMILY,5,5,5,5,5,5,N,Saariselka_Lapland
925,4,FAMILY,5,5,4,5,5,5,N,Muonio_Lapland
926,9,FAMILY,5,5,4,5,5,5,N,Akaslompolo_Lapland
927,11,FAMILY,5,5,5,5,5,5,N,Iso_Syote_Lapland
928,2,FAMILY,4,4,3,4,3,4,N,Muonio_Lapland
929,2,BUSINESS,3,4,3,5,4,4,N,Helsinki_Uusimaa
930,2,BUSINESS,5,5,4,5,5,5,N,Helsinki_Uusimaa
931,1,BUSINESS,4,4,5,5,5,4,N,Helsinki_Uusimaa
932,5,FAMILY,5,5,3,5,5,5,N,Muonio_Lapland
933,1,BUSINESS,5,4,5,5,5,5,N,Tampere_Pirkanmaa
934,12,FAMILY,5,4,3,5,5,5,N,Muonio_Lapland
935,19,FAMILY,5,5,5,5,5,5,N,Levi_Lapland
936,7,COUPLES,5,5,5,5,5,5,N,Levi_Lapland
937,7,COUPLES,4,4,4,3,4,4,N,Yllasjarvi_Lapland
938,6,FAMILY,5,5,5,5,5,5,N,Levi_Lapland
939,25,FAMILY,5,5,5,5,5,5,N,Levi_Lapland
940,6,FAMILY,4,4,4,5,4,3,N,Enontekio_Lapland
941,3,COUPLES,3,3,3,5,2,3,N,Saariselka_Lapland
942,2,FAMILY,4,3,4,2,4,3,N,Rovaniemi_Lapland
943,9,FAMILY,1,1,2,4,3,1,N,Saariselka_Lapland
944,17,FAMILY,5,5,5,5,4,3,N,Yllasjarvi_Lapland
945,7,COUPLES,5,5,5,5,5,5,N,Saariselka_Lapland
946,0,FRIENDS,4,5,5,3,5,4,N,Tampere_Pirkanmaa
947,11,FAMILY,4,3,5,3,5,5,N,Yllasjarvi_Lapland
948,0,BUSINESS,4,4,4,4,4,4,N,Vaasa_Ostrobothnia
949,3,COUPLES,5,4,5,5,5,5,N,Akaslompolo_Lapland
950,4,FAMILY,4,4,3,4,4,4,N,Saariselka_Lapland
951,11,FAMILY,1,1,2,1,2,4,N,Iso_Syote_Lapland
952,12,FAMILY,3,3,3,3,3,5,N,Yllasjarvi_Lapland
953,0,COUPLES,4,4,4,3,5,3,N,Helsinki_Uusimaa
954,2,BUSINESS,5,5,5,5,5,5,N,Helsinki_Uusimaa
955,3,COUPLES,4,5,5,5,5,5,N,Muonio_Lapland
956,2,BUSINESS,5,5,5,5,5,5,N,Helsinki_Uusimaa
957,4,FAMILY,5,5,3,5,4,3,N,Saariselka_Lapland
958,5,FRIENDS,5,4,5,5,5,5,N,Levi_Lapland
959,0,FRIENDS,5,5,5,5,5,5,N,Vantaa_Uusimaa
960,4,FAMILY,5,5,3,5,4,3,N,Yllasjarvi_Lapland
961,1,COUPLES,5,5,5,5,5,4,N,Helsinki_Uusimaa
962,2,FAMILY,5,5,4,4,4,4,N,Levi_Lapland
963,4,FAMILY,5,4,4,5,4,4,N,Rovaniemi_Lapland
964,6,FAMILY,5,4,3,5,5,4,N,Muonio_Lapland
965,2,FAMILY,5,5,4,5,4,5,N,Muonio_Lapland
966,0,FAMILY,3,3,4,5,4,3,N,Helsinki_Uusimaa
967,0,COUPLES,2,2,2,4,2,3,N,Helsinki_Uusimaa
968,3,COUPLES,4,3,5,5,4,3,N,Saariselka_Lapland
969,3,FAMILY,5,5,3,4,4,5,N,Kuusamo_Northern_Ostrobothnia
970,18,FAMILY,5,5,5,5,5,4,N,Salla_Lapland
971,3,FAMILY,5,4,5,5,5,5,N,Muonio_Lapland
972,1,FAMILY,4,3,5,5,5,4,N,Yllasjarvi_Lapland
973,6,FRIENDS,5,5,5,5,5,4,N,Iso_Syote_Lapland
974,1,FAMILY,5,5,5,5,5,5,N,Luosto_Lapland
975,4,FAMILY,2,2,3,4,4,2,N,Saariselka_Lapland
976,7,COUPLES,5,5,5,5,5,5,N,Iso_Syote_Lapland
977,0,SOLO,4,4,5,5,5,5,N,Helsinki_Uusimaa
978,5,FAMILY,4,4,3,5,4,4,N,Akaslompolo_Lapland
979,8,FAMILY,5,5,5,5,5,4,N,Yllasjarvi_Lapland
980,0,BUSINESS,1,1,1,2,3,3,N,Vantaa_Uusimaa
981,1,COUPLES,4,3,5,5,4,1,N,Helsinki_Uusimaa
982,6,FAMILY,4,3,5,5,5,5,N,Yllasjarvi_Lapland
983,3,COUPLES,4,2,4,4,3,1,N,Saariselka_Lapland
984,8,SOLO,5,5,5,5,5,5,N,Helsinki_Uusimaa
985,2,COUPLES,2,2,3,4,1,2,N,Levi_Lapland
986,15,FAMILY,5,5,4,5,4,5,N,Saariselka_Lapland
987,11,FRIENDS,5,5,5,5,5,5,N,Akaslompolo_Lapland
988,0,FAMILY,3,3,3,4,3,4,N,Rovaniemi_Lapland
989,8,COUPLES,4,4,5,5,4,4,N,Yllasjarvi_Lapland
990,0,FAMILY,5,5,4,4,5,4,N,Rovaniemi_Lapland
991,0,FRIENDS,4,4,4,3,4,4,N,Helsinki_Uusimaa
992,8,FAMILY,4,5,5,4,5,5,N,Levi_Lapland
993,3,COUPLES,4,4,4,4,5,5,N,Helsinki_Uusimaa
994,0,BUSINESS,4,4,5,5,5,5,N,Helsinki_Uusimaa
995,2,COUPLES,5,5,5,5,5,4,N,Saariselka_Lapland
996,6,FAMILY,3,3,2,5,2,2,N,Levi_Lapland
997,1,BUSINESS,4,4,4,3,5,5,N,Helsinki_Uusimaa
998,4,COUPLES,5,5,4,5,4,5,N,Levi_Lapland
999,2,COUPLES,4,4,4,5,5,4,N,Saariselka_Lapland
1000,1,FAMILY,5,4,3,5,5,4,N,Levi_Lapland
1001,0,COUPLES,4,5,4,5,5,4,N,Tampere_Pirkanmaa
1002,11,FRIENDS,5,5,3,5,3,5,N,Iso_Syote_Lapland
1003,2,COUPLES,4,5,4,5,5,5,N,Helsinki_Uusimaa
1004,0,BUSINESS,4,4,4,5,4,4,N,Tampere_Pirkanmaa
1005,2,BUSINESS,5,5,5,5,5,5,N,Helsinki_Uusimaa
1006,9,COUPLES,5,5,5,5,5,5,N,Saariselka_Lapland
1007,10,COUPLES,5,5,4,5,4,5,N,Iso_Syote_Lapland
1008,4,FAMILY,5,4,4,4,4,4,N,Yllasjarvi_Lapland
1009,0,BUSINESS,5,5,4,5,4,5,N,Helsinki_Uusimaa
1010,0,BUSINESS,4,4,5,4,5,5,N,Tampere_Pirkanmaa
1011,15,COUPLES,5,5,4,5,5,5,N,Iso_Syote_Lapland
1012,1,FAMILY,2,2,2,1,4,4,N,Lahti_Tavastia_Proper
1013,4,COUPLES,5,4,5,5,5,5,N,Yllasjarvi_Lapland
1014,6,FAMILY,5,5,5,5,5,5,N,Salla_Lapland
1015,2,FAMILY,4,4,5,5,3,4,N,Saariselka_Lapland
1016,0,BUSINESS,4,3,3,4,5,3,N,Oulu_Northern_Ostrobothnia
1017,0,BUSINESS,4,4,4,4,4,3,N,Helsinki_Uusimaa
1018,1,BUSINESS,4,4,4,3,4,4,N,Vantaa_Uusimaa
1019,0,COUPLES,2,2,2,4,3,2,N,Helsinki_Uusimaa
1020,1,FRIENDS,1,1,1,2,1,1,N,Helsinki_Uusimaa
1021,2,COUPLES,5,5,5,5,4,5,N,Akaslompolo_Lapland
1022,1,FAMILY,4,3,4,5,5,5,N,Helsinki_Uusimaa
1023,1,COUPLES,4,4,5,5,5,4,N,Levi_Lapland
1024,1,COUPLES,4,4,4,4,4,3,N,Levi_Lapland
1025,2,COUPLES,2,2,1,4,1,1,N,Kuusamo_Northern_Ostrobothnia
1026,2,FAMILY,5,5,5,5,5,5,N,Levi_Lapland
1027,0,BUSINESS,5,5,5,5,5,5,N,Oulu_Northern_Ostrobothnia
1028,2,SOLO,5,5,5,5,5,5,N,Helsinki_Uusimaa
1029,2,BUSINESS,5,5,5,5,5,5,N,Helsinki_Uusimaa
1030,1,COUPLES,5,5,5,5,5,5,N,Rovaniemi_Lapland
1031,0,COUPLES,5,4,5,4,5,4,N,Turku_Southwest_Finland
1032,4,BUSINESS,5,5,5,4,5,5,N,Helsinki_Uusimaa
1033,1,FRIENDS,4,4,4,4,4,5,N,Rovaniemi_Lapland
1034,0,COUPLES,4,3,4,4,5,4,N,Tampere_Pirkanmaa
1035,1,FAMILY,3,3,4,4,4,3,N,Rovaniemi_Lapland
1036,3,COUPLES,5,5,5,5,5,5,N,Saariselka_Lapland
1037,4,FAMILY,5,5,4,5,4,4,N,Iso_Syote_Lapland
1038,3,FAMILY,2,2,3,4,3,3,N,Kuusamo_Northern_Ostrobothnia
1039,3,FRIENDS,5,4,5,5,4,4,N,Saariselka_Lapland
1040,0,COUPLES,5,5,5,5,4,4,N,Helsinki_Uusimaa
1041,0,FAMILY,5,5,5,3,5,5,N,Kuusamo_Northern_Ostrobothnia
1042,2,COUPLES,4,4,3,5,5,4,N,Rovaniemi_Lapland
1043,0,COUPLES,5,4,4,4,4,4,N,Rovaniemi_Lapland
1044,0,BUSINESS,3,4,4,4,5,5,N,Espoo_Uusimaa
1045,5,FAMILY,5,5,5,5,5,5,N,Yllasjarvi_Lapland
1046,0,FAMILY,5,4,5,5,5,5,N,Helsinki_Uusimaa
1047,0,COUPLES,5,5,5,5,5,5,N,Helsinki_Uusimaa
1048,4,FAMILY,5,5,5,4,5,5,N,Levi_Lapland
1049,3,FAMILY,5,4,4,5,4,4,N,Iso_Syote_Lapland
1050,6,FAMILY,5,5,5,5,5,5,N,Yllasjarvi_Lapland
1051,1,COUPLES,5,4,5,5,5,4,N,Rovaniemi_Lapland
1052,0,COUPLES,5,5,5,5,5,4,N,Helsinki_Uusimaa
1053,0,BUSINESS,3,4,3,5,5,5,N,Helsinki_Uusimaa
1054,1,COUPLES,3,3,3,4,4,3,N,Levi_Lapland
1055,1,COUPLES,4,5,5,4,4,4,N,Akaslompolo_Lapland
1056,2,BUSINESS,4,4,3,4,5,4,N,Helsinki_Uusimaa
1057,2,FAMILY,4,4,4,5,2,1,N,Akaslompolo_Lapland
1058,2,COUPLES,4,4,4,5,4,4,N,Akaslompolo_Lapland
1059,1,FAMILY,5,5,3,5,5,5,N,Muonio_Lapland
1060,2,COUPLES,4,5,4,5,5,5,N,Pyhatunturi_Lapland
1061,0,BUSINESS,3,3,3,5,3,3,N,Helsinki_Uusimaa
1062,0,FAMILY,4,5,3,5,5,4,N,Helsinki_Uusimaa
1063,1,FAMILY,5,4,5,5,5,5,N,Iso_Syote_Lapland
1064,2,FAMILY,5,3,3,2,4,3,N,Levi_Lapland
1065,1,FAMILY,4,5,5,4,5,5,N,Levi_Lapland
1066,1,FAMILY,4,5,3,5,4,4,N,Kajaani_Kainuu
1067,0,FAMILY,3,2,3,2,4,3,N,Levi_Lapland
1068,2,COUPLES,5,4,4,5,5,5,N,Iso_Syote_Lapland
1069,1,BUSINESS,3,2,4,5,3,4,N,Helsinki_Uusimaa
1070,0,FAMILY,2,2,1,2,2,2,N,Levi_Lapland
1071,1,COUPLES,5,5,4,5,4,4,N,Levi_Lapland
1072,0,COUPLES,2,2,2,3,4,2,N,Helsinki_Uusimaa
1073,3,COUPLES,5,5,5,5,5,5,N,Iso_Syote_Lapland
1074,1,BUSINESS,4,2,4,4,4,4,N,Helsinki_Uusimaa
1075,2,BUSINESS,3,4,3,4,4,2,N,Helsinki_Uusimaa
1076,3,BUSINESS,5,5,5,5,5,5,N,Helsinki_Uusimaa
1077,3,COUPLES,5,5,5,5,4,4,N,Saariselka_Lapland
1078,1,COUPLES,4,4,5,5,4,5,N,Akaslompolo_Lapland
1079,2,COUPLES,5,5,5,5,5,5,N,Levi_Lapland
1080,0,FAMILY,3,3,4,4,3,3,N,Rovaniemi_Lapland
1081,2,COUPLES,3,3,2,4,3,4,N,Muonio_Lapland
1082,0,COUPLES,4,4,4,2,4,1,N,Kuusamo_Northern_Ostrobothnia
1083,0,COUPLES,3,3,3,4,4,4,N,Saariselka_Lapland
1084,2,COUPLES,3,3,4,4,3,3,N,Saariselka_Lapland
1085,1,COUPLES,5,5,5,3,5,5,N,Saariselka_Lapland
1086,1,COUPLES,3,4,3,5,4,3,N,Saariselka_Lapland
1087,1,FAMILY,5,5,5,5,5,5,N,Yllasjarvi_Lapland
1088,5,FAMILY,4,4,3,4,3,3,N,Yllasjarvi_Lapland
1089,0,FRIENDS,5,5,4,5,5,5,N,Helsinki_Uusimaa
1090,0,COUPLES,4,4,3,4,3,4,N,Kuusamo_Northern_Ostrobothnia
1091,1,COUPLES,2,3,4,1,4,2,N,Kuusamo_Northern_Ostrobothnia
1092,3,FAMILY,5,5,5,5,5,5,N,Yllasjarvi_Lapland
1093,4,FAMILY,5,5,4,5,5,5,N,Yllasjarvi_Lapland
1094,0,COUPLES,4,3,4,3,5,5,N,Helsinki_Uusimaa
1095,2,FRIENDS,2,2,1,3,1,2,N,Rovaniemi_Lapland
1096,3,FRIENDS,4,4,4,5,4,4,N,Rukatunturi_Northern_Ostrobothnia
1097,0,BUSINESS,4,4,3,4,5,4,N,Helsinki_Uusimaa
1098,3,FAMILY,5,5,5,5,5,5,N,Yllasjarvi_Lapland
1099,0,COUPLES,5,4,5,5,5,5,N,Helsinki_Uusimaa
1100,2,FAMILY,4,4,5,5,5,5,N,Levi_Lapland
1101,1,FAMILY,4,4,4,4,5,4,N,Rovaniemi_Lapland
1102,1,COUPLES,3,3,2,4,4,3,N,Helsinki_Uusimaa
1103,1,SOLO,5,5,3,3,5,3,N,Nurmes_North_Karelia
1104,2,BUSINESS,3,4,4,4,4,4,N,Rovaniemi_Lapland
1105,3,COUPLES,3,5,5,5,1,5,N,Helsinki_Uusimaa
1106,2,FRIENDS,4,4,3,3,3,3,N,Muonio_Lapland
1107,0,FAMILY,4,5,3,4,4,5,N,Lahti_Tavastia_Proper
1108,2,FAMILY,4,4,4,5,4,4,N,Kuhmo_Wild_Taiga_Kainuu
1109,1,FAMILY,5,4,4,5,4,4,N,Yllasjarvi_Lapland
1110,2,COUPLES,5,4,5,5,5,5,N,Iso_Syote_Lapland
1111,0,COUPLES,3,3,3,4,5,5,N,Levi_Lapland
1112,1,FAMILY,3,4,4,2,5,4,N,Helsinki_Uusimaa
1113,4,FAMILY,2,2,3,5,4,3,N,Enontekio_Lapland
1114,2,SOLO,2,2,2,4,4,3,N,Helsinki_Uusimaa
1115,4,SOLO,2,1,4,4,4,2,N,Helsinki_Uusimaa
1116,2,FAMILY,5,5,3,5,5,5,N,Iso_Syote_Lapland
1117,0,BUSINESS,4,4,5,5,5,4,N,Helsinki_Uusimaa
1118,4,FAMILY,5,5,5,5,5,5,N,Saariselka_Lapland
1119,3,FAMILY,5,4,5,5,5,5,N,Rovaniemi_Lapland
1120,1,COUPLES,4,4,3,5,4,4,N,Lappeenranta_South_Karelia
1121,0,COUPLES,4,4,4,5,4,3,N,Tampere_Pirkanmaa
1122,0,FAMILY,4,4,4,4,4,5,N,Helsinki_Uusimaa
1123,2,BUSINESS,3,3,3,3,2,4,N,Helsinki_Uusimaa
1124,3,BUSINESS,3,3,3,3,4,4,N,Levi_Lapland
1125,2,COUPLES,3,4,2,4,4,3,N,Helsinki_Uusimaa
1126,2,FRIENDS,4,5,3,3,4,4,N,Helsinki_Uusimaa
1127,0,COUPLES,5,5,5,5,5,5,N,Vantaa_Uusimaa
1128,2,COUPLES,5,5,5,5,5,5,N,Helsinki_Uusimaa
1129,0,BUSINESS,4,5,4,5,5,4,N,Tampere_Pirkanmaa
1130,3,COUPLES,4,4,4,4,4,4,N,Helsinki_Uusimaa
1131,1,FAMILY,5,5,5,5,5,5,N,Helsinki_Uusimaa
1132,0,BUSINESS,4,4,4,4,4,4,N,Helsinki_Uusimaa
1133,1,BUSINESS,2,2,1,4,2,2,N,Helsinki_Uusimaa
1134,1,COUPLES,2,2,3,4,4,2,N,Jyvaskyla_Central_Finland
1135,0,BUSINESS,5,4,4,5,4,4,N,Helsinki_Uusimaa
1136,0,BUSINESS,5,5,5,5,4,5,N,Espoo_Uusimaa
1137,1,FAMILY,4,4,2,4,5,4,N,Helsinki_Uusimaa
1138,0,BUSINESS,3,3,3,4,2,2,N,Naantali_Southwest_Finland
1139,1,BUSINESS,4,3,3,3,3,3,N,Helsinki_Uusimaa
1140,0,BUSINESS,2,2,2,2,2,2,N,Helsinki_Uusimaa
1141,0,FRIENDS,4,5,4,4,5,5,N,Helsinki_Uusimaa
1142,0,BUSINESS,5,5,5,5,5,5,N,Helsinki_Uusimaa
1143,0,COUPLES,4,5,4,5,5,4,N,Helsinki_Uusimaa
1144,5,FAMILY,3,4,2,3,2,2,N,Karesuvanto_Lapland
1145,2,COUPLES,5,5,4,5,3,3,N,Akaslompolo_Lapland
1146,0,COUPLES,4,4,3,3,4,4,N,Helsinki_Uusimaa
1147,2,COUPLES,4,4,5,5,4,2,N,Rovaniemi_Lapland
1148,0,BUSINESS,4,4,4,4,4,4,N,Oulu_Northern_Ostrobothnia
1149,0,FAMILY,5,5,5,5,5,5,N,Tampere_Pirkanmaa
1150,0,SOLO,5,4,5,4,5,5,N,Helsinki_Uusimaa
1151,0,COUPLES,4,4,4,5,4,3,N,Helsinki_Uusimaa
1152,0,COUPLES,5,5,5,4,5,5,N,Helsinki_Uusimaa
1153,1,COUPLES,5,5,5,5,5,5,N,Helsinki_Uusimaa
1154,2,COUPLES,3,3,3,5,4,3,N,Helsinki_Uusimaa
1155,0,SOLO,4,2,4,5,5,3,N,Vaasa_Ostrobothnia
1156,1,COUPLES,5,5,4,4,5,4,N,Helsinki_Uusimaa
1157,0,COUPLES,3,3,3,3,2,2,N,Helsinki_Uusimaa
1158,0,SOLO,4,4,4,5,5,4,N,Helsinki_Uusimaa
1159,0,SOLO,3,5,3,5,3,3,N,Helsinki_Uusimaa
1160,1,SOLO,3,4,3,2,4,4,N,Vantaa_Uusimaa
1161,0,COUPLES,3,3,4,4,5,1,N,Nagu_Southwest_Finland
1162,0,BUSINESS,4,4,4,5,5,5,N,Helsinki_Uusimaa
1163,1,COUPLES,4,4,5,3,4,4,N,Helsinki_Uusimaa
1164,0,COUPLES,5,5,5,5,5,5,N,Vantaa_Uusimaa
1165,1,BUSINESS,4,3,4,5,3,5,N,Helsinki_Uusimaa
1166,2,FAMILY,4,4,3,4,3,4,N,Helsinki_Uusimaa
1167,0,COUPLES,5,5,5,4,5,5,N,Helsinki_Uusimaa
1168,2,FAMILY,5,5,5,5,5,5,N,Helsinki_Uusimaa
1169,0,COUPLES,1,2,3,4,3,3,N,Rauma_Satakunta
1170,0,BUSINESS,5,5,5,5,5,5,N,Vantaa_Uusimaa
1171,1,COUPLES,2,3,5,5,2,5,N,Helsinki_Uusimaa
1172,2,FAMILY,3,4,4,5,5,2,N,Helsinki_Uusimaa
1173,2,FAMILY,4,5,4,4,5,4,N,Helsinki_Uusimaa
1174,4,SOLO,5,5,4,5,5,5,N,Helsinki_Uusimaa
1175,0,BUSINESS,4,5,5,3,5,4,N,Helsinki_Uusimaa
1176,2,BUSINESS,5,5,5,5,4,5,N,Helsinki_Uusimaa
1177,2,FAMILY,1,1,1,2,1,2,N,Turku_Southwest_Finland
1178,1,COUPLES,4,3,3,3,5,4,N,Akaslompolo_Lapland
1179,0,BUSINESS,4,4,4,5,3,5,N,Vantaa_Uusimaa
1180,1,BUSINESS,5,4,4,4,4,5,N,Helsinki_Uusimaa
1181,2,COUPLES,5,5,5,5,5,5,N,Helsinki_Uusimaa
1182,0,BUSINESS,4,3,4,4,4,3,N,Helsinki_Uusimaa
1183,0,BUSINESS,5,5,5,5,5,5,N,Vantaa_Uusimaa
1184,5,FRIENDS,2,2,2,2,2,2,N,Nagu_Southwest_Finland
1185,2,COUPLES,5,5,5,5,5,4,N,Helsinki_Uusimaa
1186,1,COUPLES,3,3,3,4,4,2,N,Helsinki_Uusimaa
1187,1,COUPLES,2,2,3,5,5,2,N,Helsinki_Uusimaa
1188,1,COUPLES,4,4,4,5,5,5,N,Helsinki_Uusimaa
1189,1,BUSINESS,3,3,2,5,3,3,N,Porvoo_Uusimaa
1190,0,COUPLES,5,5,5,5,5,5,N,Helsinki_Uusimaa
1191,0,COUPLES,5,5,5,5,5,5,N,Helsinki_Uusimaa
1192,0,FRIENDS,5,5,5,5,5,5,N,Helsinki_Uusimaa
1193,0,BUSINESS,3,3,4,4,4,4,N,Mariehamn_Aland_Island_Aland
1194,1,COUPLES,5,5,5,5,5,5,N,Helsinki_Uusimaa
1195,1,FAMILY,5,5,5,5,5,5,N,Kokkola_Central_Ostrobothnia
1196,3,COUPLES,5,4,5,5,4,4,N,Saariselka_Lapland
1197,0,FRIENDS,5,5,5,5,5,5,N,Helsinki_Uusimaa
1198,0,SOLO,5,4,5,5,4,4,N,Helsinki_Uusimaa
1199,1,COUPLES,5,5,5,5,5,4,N,Helsinki_Uusimaa
1200,1,BUSINESS,5,5,5,5,5,5,N,Helsinki_Uusimaa
1201,3,BUSINESS,5,4,5,5,5,5,N,Helsinki_Uusimaa
1202,1,COUPLES,5,5,5,5,5,5,N,Helsinki_Uusimaa
1203,0,FRIENDS,4,4,5,3,4,3,N,Helsinki_Uusimaa
1204,4,COUPLES,1,1,1,4,2,3,N,Kilpisjarvi_Lapland
1205,2,COUPLES,4,5,5,3,4,4,N,Helsinki_Uusimaa
1206,1,COUPLES,3,5,3,5,4,3,N,Helsinki_Uusimaa
1207,0,FAMILY,4,3,3,4,4,3,N,Luosto_Lapland
1208,0,FRIENDS,3,3,3,3,4,4,N,Mariehamn_Aland_Island_Aland
1209,0,FRIENDS,5,5,5,5,5,5,N,Hollola_Tavastia_Proper
1210,0,FAMILY,2,4,3,2,5,2,N,Vaasa_Ostrobothnia
1211,1,COUPLES,5,5,5,5,5,5,N,Helsinki_Uusimaa
1212,1,FAMILY,4,4,4,5,5,5,N,Rovaniemi_Lapland
1213,2,SOLO,5,5,5,5,5,5,N,Vantaa_Uusimaa
1214,0,BUSINESS,3,3,3,4,3,3,N,Turku_Southwest_Finland
1215,1,COUPLES,5,5,5,5,5,5,N,Helsinki_Uusimaa
1216,0,BUSINESS,3,3,4,4,4,1,N,Espoo_Uusimaa
1217,3,FAMILY,5,4,5,5,4,4,N,Saariselka_Lapland
1218,0,BUSINESS,4,4,3,5,4,3,N,Helsinki_Uusimaa
1219,0,BUSINESS,4,5,5,5,4,4,N,Tampere_Pirkanmaa
1220,2,COUPLES,5,5,5,5,5,5,N,Helsinki_Uusimaa
1221,0,COUPLES,4,4,4,5,5,5,N,Helsinki_Uusimaa
1222,0,BUSINESS,3,3,2,3,3,4,N,Helsinki_Uusimaa
1223,0,COUPLES,5,5,5,5,5,5,N,Helsinki_Uusimaa
1224,0,FRIENDS,4,4,3,3,4,4,N,Helsinki_Uusimaa
1225,0,BUSINESS,5,5,4,5,5,4,N,Helsinki_Uusimaa
1226,0,SOLO,5,5,4,5,5,4,N,Helsinki_Uusimaa
1227,2,COUPLES,5,4,5,5,5,4,N,Helsinki_Uusimaa
1228,3,COUPLES,2,1,2,4,2,1,N,Turku_Southwest_Finland
1229,1,FAMILY,5,5,5,5,5,5,N,Helsinki_Uusimaa
1230,1,FAMILY,4,4,4,5,5,5,N,Rovaniemi_Lapland
1231,14,COUPLES,3,2,3,4,3,2,N,Saariselka_Lapland
1232,1,COUPLES,5,4,4,5,5,4,N,Yllasjarvi_Lapland
1233,2,COUPLES,5,4,4,4,4,4,N,Helsinki_Uusimaa
1234,1,BUSINESS,5,5,5,5,5,5,N,Helsinki_Uusimaa
1235,1,FRIENDS,4,4,4,4,4,4,N,Helsinki_Uusimaa
1236,2,BUSINESS,5,5,4,5,5,5,N,Helsinki_Uusimaa
1237,1,COUPLES,4,4,4,3,5,4,N,Helsinki_Uusimaa
1238,0,BUSINESS,4,4,4,4,5,4,N,Helsinki_Uusimaa
1239,0,FRIENDS,4,4,3,4,4,4,N,Helsinki_Uusimaa
1240,0,FAMILY,4,5,4,5,4,5,N,Kuopio_Northern_Savonia
1241,1,COUPLES,5,3,3,5,5,5,N,Helsinki_Uusimaa
1242,1,COUPLES,3,2,2,4,2,5,N,Helsinki_Uusimaa
1243,1,BUSINESS,1,1,2,4,2,1,N,Helsinki_Uusimaa
1244,0,COUPLES,3,3,2,4,3,3,N,Helsinki_Uusimaa
1245,2,FAMILY,5,5,4,5,4,4,N,Helsinki_Uusimaa
1246,2,COUPLES,5,4,5,5,5,4,N,Helsinki_Uusimaa
1247,0,COUPLES,3,3,3,3,3,3,N,Kokkola_Central_Ostrobothnia
1248,2,COUPLES,5,5,5,5,5,4,N,Helsinki_Uusimaa
1249,4,COUPLES,5,5,5,5,5,5,N,Helsinki_Uusimaa
1250,0,BUSINESS,5,5,5,5,5,5,N,Helsinki_Uusimaa
1251,2,COUPLES,5,5,5,5,5,5,N,Helsinki_Uusimaa
1252,1,FAMILY,4,4,4,5,4,5,N,Helsinki_Uusimaa
1253,2,BUSINESS,5,4,5,5,5,5,N,Helsinki_Uusimaa
1254,0,BUSINESS,4,4,4,3,5,4,N,Vantaa_Uusimaa
1255,0,FAMILY,4,5,5,5,5,5,N,Helsinki_Uusimaa
1256,0,COUPLES,3,4,3,5,3,3,N,Helsinki_Uusimaa
1257,1,COUPLES,5,5,5,5,5,5,N,Helsinki_Uusimaa
1258,0,COUPLES,4,4,4,5,5,5,N,Helsinki_Uusimaa
1259,1,BUSINESS,3,3,3,4,3,3,N,Turku_Southwest_Finland
1260,0,BUSINESS,4,4,4,5,4,4,N,Vantaa_Uusimaa
1261,0,COUPLES,4,5,2,4,4,5,N,Punkaharju_Southern_Savonia
1262,1,COUPLES,4,4,4,5,4,4,N,Rovaniemi_Lapland
1263,1,BUSINESS,5,5,5,5,5,5,N,Helsinki_Uusimaa
1264,1,COUPLES,3,4,4,5,4,2,N,Tampere_Pirkanmaa
1265,1,COUPLES,5,5,5,5,5,5,N,Helsinki_Uusimaa
1266,0,COUPLES,4,4,3,4,4,3,N,Helsinki_Uusimaa
1267,3,FRIENDS,5,3,5,5,4,5,N,Rovaniemi_Lapland
1268,1,FAMILY,5,5,5,4,5,5,N,Helsinki_Uusimaa
1269,0,COUPLES,4,4,3,3,4,3,N,Helsinki_Uusimaa
1270,0,COUPLES,4,5,4,5,4,4,N,Rovaniemi_Lapland
1271,0,COUPLES,2,2,2,2,3,2,N,Mustasaari_Ostrobothnia
1272,0,FAMILY,5,4,5,5,4,5,N,Helsinki_Uusimaa
1273,1,BUSINESS,5,5,5,5,5,4,N,Helsinki_Uusimaa
1274,5,COUPLES,5,5,5,4,4,5,N,Salla_Lapland
1275,0,COUPLES,5,4,5,5,5,5,N,Helsinki_Uusimaa
1276,0,COUPLES,2,2,1,2,2,3,N,Helsinki_Uusimaa
1277,1,SOLO,4,4,4,4,4,4,N,Vantaa_Uusimaa
1278,4,COUPLES,4,5,5,3,5,4,N,Lappeenranta_South_Karelia
1279,2,BUSINESS,4,4,4,5,4,5,N,Tampere_Pirkanmaa
1280,0,FRIENDS,5,4,4,4,5,5,N,Helsinki_Uusimaa
1281,1,FRIENDS,4,5,3,4,4,4,N,Helsinki_Uusimaa
1282,2,FRIENDS,4,4,3,5,4,4,N,Savonlinna_Southern_Savonia
1283,2,BUSINESS,4,4,4,4,4,4,N,Helsinki_Uusimaa
1284,2,BUSINESS,4,4,4,4,5,4,N,Helsinki_Uusimaa
1285,2,BUSINESS,5,4,5,5,5,4,N,Helsinki_Uusimaa
1286,1,FRIENDS,3,3,2,4,3,3,N,Mariehamn_Aland_Island_Aland
1287,5,COUPLES,5,5,3,5,5,4,N,Muonio_Lapland
1288,3,COUPLES,3,4,3,3,4,4,N,Savonlinna_Southern_Savonia
1289,0,FAMILY,5,4,4,4,4,4,N,Saariselka_Lapland
1290,1,BUSINESS,4,4,4,4,4,3,N,Helsinki_Uusimaa
1291,0,BUSINESS,4,5,5,5,5,5,N,Turku_Southwest_Finland
1292,1,FAMILY,4,4,4,4,4,4,N,Kuopio_Northern_Savonia
1293,0,FAMILY,4,4,4,4,5,4,N,Rovaniemi_Lapland
1294,1,COUPLES,4,4,4,5,4,4,N,Helsinki_Uusimaa
1295,0,COUPLES,4,4,4,4,4,4,N,Espoo_Uusimaa
1296,5,FAMILY,5,5,5,5,5,5,N,Levi_Lapland
1297,1,COUPLES,5,5,5,5,5,5,N,Jyvaskyla_Central_Finland
1298,1,COUPLES,4,3,3,4,4,5,N,Helsinki_Uusimaa
1299,0,BUSINESS,3,3,4,4,3,3,N,Helsinki_Uusimaa
1300,0,BUSINESS,3,3,4,3,5,4,N,Espoo_Uusimaa
1301,0,COUPLES,4,5,5,5,4,5,N,Helsinki_Uusimaa
1302,0,BUSINESS,5,4,4,5,5,5,N,Helsinki_Uusimaa
1303,1,SOLO,3,3,3,4,3,4,N,Helsinki_Uusimaa
1304,0,COUPLES,4,5,4,3,5,4,N,Turku_Southwest_Finland
1305,0,BUSINESS,4,4,5,4,4,4,N,Helsinki_Uusimaa
1306,4,COUPLES,5,5,5,5,5,5,N,Savonlinna_Southern_Savonia
1307,2,COUPLES,4,5,3,5,4,4,N,Geta_Aland_Island_Aland
1308,4,FRIENDS,5,5,4,4,5,5,N,Mikkeli_Southern_Savonia
1309,3,COUPLES,5,5,5,4,5,4,N,Helsinki_Uusimaa
1310,0,COUPLES,4,4,4,5,5,3,N,Helsinki_Uusimaa
1311,0,BUSINESS,5,5,5,5,5,5,N,Helsinki_Uusimaa
1312,0,BUSINESS,5,4,5,5,5,2,N,Oulu_Northern_Ostrobothnia
1313,0,BUSINESS,5,5,5,5,5,5,N,Vantaa_Uusimaa
1314,0,BUSINESS,5,5,5,4,4,4,N,Turku_Southwest_Finland
1315,0,BUSINESS,5,5,4,5,5,5,N,Helsinki_Uusimaa
1316,2,FAMILY,4,4,5,4,5,4,N,Rovaniemi_Lapland
1317,1,FRIENDS,3,3,3,5,4,3,N,Levi_Lapland
1318,1,COUPLES,4,4,4,3,4,3,N,Helsinki_Uusimaa
1319,0,COUPLES,4,4,4,3,5,4,N,Helsinki_Uusimaa
1320,0,BUSINESS,4,3,4,5,3,3,N,Helsinki_Uusimaa
1321,1,BUSINESS,3,3,3,5,3,3,N,Helsinki_Uusimaa
1322,0,BUSINESS,2,2,2,3,3,3,N,Helsinki_Uusimaa
1323,0,COUPLES,5,5,5,5,5,5,N,Helsinki_Uusimaa
1324,0,BUSINESS,3,3,2,3,3,3,N,Lahti_Tavastia_Proper
1325,2,BUSINESS,3,2,3,4,3,3,N,Helsinki_Uusimaa
1326,5,BUSINESS,4,4,4,4,4,4,N,Espoo_Uusimaa
1327,1,BUSINESS,4,3,4,4,4,4,N,Helsinki_Uusimaa
1328,0,COUPLES,4,4,4,4,4,3,N,Helsinki_Uusimaa
1329,1,COUPLES,4,5,4,5,5,5,N,Helsinki_Uusimaa
1330,0,COUPLES,3,3,5,5,4,4,N,Helsinki_Uusimaa
1331,3,COUPLES,1,1,2,3,5,1,N,Helsinki_Uusimaa
1332,0,BUSINESS,4,5,5,5,5,4,N,Helsinki_Uusimaa
1333,1,BUSINESS,5,5,4,5,5,4,N,Helsinki_Uusimaa
1334,2,COUPLES,5,5,5,5,5,5,N,Levi_Lapland
1335,1,FRIENDS,5,5,5,5,5,4,N,Helsinki_Uusimaa
1336,0,FAMILY,4,4,4,4,5,5,N,Turku_Southwest_Finland
1337,0,COUPLES,4,4,4,3,4,4,N,Helsinki_Uusimaa
1338,0,COUPLES,2,2,3,3,3,3,N,Helsinki_Uusimaa
1339,2,FRIENDS,5,5,5,4,5,5,N,Helsinki_Uusimaa
1340,2,FAMILY,5,5,5,4,5,5,N,Muonio_Lapland
1341,0,COUPLES,4,5,4,4,4,3,N,Rovaniemi_Lapland
1342,2,COUPLES,5,4,4,5,5,4,N,Helsinki_Uusimaa
1343,0,BUSINESS,4,4,4,5,4,4,N,Turku_Southwest_Finland
1344,2,BUSINESS,5,5,5,5,5,5,N,Helsinki_Uusimaa
1345,0,BUSINESS,3,3,2,3,4,4,N,Helsinki_Uusimaa
1346,0,SOLO,4,4,4,4,4,4,N,Helsinki_Uusimaa
1347,0,SOLO,4,4,4,4,5,4,N,Helsinki_Uusimaa
1348,0,FAMILY,5,3,3,5,5,5,N,Saariselka_Lapland
1349,1,FAMILY,5,5,5,5,5,3,N,Rovaniemi_Lapland
1350,2,FAMILY,5,5,5,5,3,5,N,Iso_Syote_Lapland
1351,1,FAMILY,5,5,5,4,5,5,N,Oulu_Northern_Ostrobothnia
1352,0,FAMILY,4,4,5,3,5,5,N,Helsinki_Uusimaa
1353,5,FAMILY,5,4,5,5,5,5,N,Levi_Lapland
1354,1,SOLO,3,3,2,4,3,3,N,Vantaa_Uusimaa
1355,1,COUPLES,5,4,4,4,4,4,N,Helsinki_Uusimaa
1356,0,BUSINESS,2,2,2,3,3,3,N,Helsinki_Uusimaa
1357,3,FRIENDS,2,3,2,3,4,4,N,Helsinki_Uusimaa
1358,0,BUSINESS,3,4,3,5,4,3,N,Helsinki_Uusimaa
1359,0,FRIENDS,5,5,5,4,4,4,N,Helsinki_Uusimaa
1360,0,FRIENDS,5,5,5,5,5,5,N,Helsinki_Uusimaa
1361,1,BUSINESS,4,5,5,3,5,5,N,Tampere_Pirkanmaa
1362,5,FAMILY,4,4,4,4,5,4,N,Levi_Lapland
1363,0,COUPLES,2,2,2,3,2,3,N,Helsinki_Uusimaa
1364,0,BUSINESS,3,3,4,4,4,3,N,Helsinki_Uusimaa
1365,1,BUSINESS,4,5,4,3,4,3,N,Helsinki_Uusimaa
1366,0,BUSINESS,3,4,3,4,5,3,N,Pietarsaari_Southwest_Finland
1367,1,BUSINESS,4,5,4,5,4,5,N,Helsinki_Uusimaa
1368,0,FRIENDS,4,4,4,5,5,5,N,Helsinki_Uusimaa
1369,2,FRIENDS,4,4,4,3,5,5,N,Helsinki_Uusimaa
1370,0,BUSINESS,4,5,5,5,5,5,N,Vantaa_Uusimaa
1371,2,BUSINESS,4,5,4,4,4,5,N,Helsinki_Uusimaa
1372,0,BUSINESS,3,3,2,3,4,4,N,Porvoo_Uusimaa
1373,0,BUSINESS,4,3,5,3,5,1,N,Vantaa_Uusimaa
1374,0,SOLO,5,5,5,5,5,5,N,Helsinki_Uusimaa
1375,0,BUSINESS,5,5,5,4,5,4,N,Vantaa_Uusimaa
1376,0,FAMILY,4,3,4,3,2,4,N,Luosto_Lapland
1377,2,FAMILY,4,3,4,5,4,5,N,Rovaniemi_Lapland
1378,2,COUPLES,2,2,2,3,3,4,N,Helsinki_Uusimaa
1379,0,SOLO,5,5,4,4,4,4,N,Rovaniemi_Lapland
1380,1,FAMILY,5,5,5,4,5,5,N,Saariselka_Lapland
1381,0,BUSINESS,3,3,3,3,3,3,N,Helsinki_Uusimaa
1382,0,COUPLES,4,1,4,2,3,1,N,Helsinki_Uusimaa
1383,0,FRIENDS,4,4,4,4,4,4,N,Tampere_Pirkanmaa
1384,1,COUPLES,4,4,5,4,5,4,N,Helsinki_Uusimaa
1385,0,COUPLES,4,3,4,5,5,3,N,Helsinki_Uusimaa
1386,4,COUPLES,5,4,4,4,5,4,N,Rovaniemi_Lapland
1387,1,BUSINESS,5,5,5,5,4,4,N,Helsinki_Uusimaa
1388,0,COUPLES,5,5,4,5,5,5,N,Helsinki_Uusimaa
1389,0,BUSINESS,1,1,2,2,2,2,N,Helsinki_Uusimaa
1390,5,FAMILY,2,1,3,1,3,1,N,Akaslompolo_Lapland
1391,2,FAMILY,5,4,5,5,5,5,N,Rovaniemi_Lapland
1392,0,COUPLES,4,5,3,4,5,4,N,Helsinki_Uusimaa
1393,0,FAMILY,5,5,5,5,5,5,N,Helsinki_Uusimaa
1394,3,FAMILY,5,5,4,5,5,5,N,Saariselka_Lapland
1395,1,COUPLES,5,5,5,5,5,5,N,Helsinki_Uusimaa
1396,2,FAMILY,5,4,2,5,2,4,N,Akaslompolo_Lapland
1397,4,FAMILY,5,5,3,5,5,5,N,Muonio_Lapland
1398,1,FAMILY,4,3,3,5,3,4,N,Akaslompolo_Lapland
1399,1,FRIENDS,4,3,4,3,5,4,N,Helsinki_Uusimaa
1400,2,FAMILY,4,4,4,4,4,4,N,Enontekio_Lapland
1401,2,COUPLES,5,5,5,3,5,5,N,Vantaa_Uusimaa
1402,3,BUSINESS,1,1,2,2,2,1,N,Helsinki_Uusimaa
1403,5,FAMILY,5,5,5,5,5,5,N,Enontekio_Lapland
1404,1,FAMILY,4,4,3,4,4,5,N,Rovaniemi_Lapland
1405,1,FAMILY,5,5,5,5,5,5,N,Rovaniemi_Lapland
1406,4,FAMILY,4,3,3,4,4,4,N,Rovaniemi_Lapland
1407,2,COUPLES,5,5,5,5,5,5,N,Iso_Syote_Lapland
1408,2,FAMILY,5,5,3,5,5,5,N,Akaslompolo_Lapland
1409,2,BUSINESS,4,3,4,3,4,3,N,Helsinki_Uusimaa
1410,0,COUPLES,5,4,4,5,5,4,N,Levi_Lapland
1411,2,BUSINESS,3,3,4,3,2,4,N,Helsinki_Uusimaa
1412,0,COUPLES,5,5,5,5,5,5,N,Helsinki_Uusimaa
1413,3,FAMILY,4,3,2,5,3,4,N,Karesuvanto_Lapland
1414,4,FAMILY,5,4,5,5,5,4,N,Muonio_Lapland
1415,1,FAMILY,5,4,4,5,5,5,N,Yllasjarvi_Lapland
1416,1,FAMILY,5,4,5,5,5,5,N,Yllasjarvi_Lapland
1417,3,BUSINESS,5,5,5,5,5,5,N,Helsinki_Uusimaa
1418,0,FAMILY,4,4,4,5,5,4,N,Levi_Lapland
1419,0,SOLO,3,4,3,4,4,4,N,Helsinki_Uusimaa
1420,0,SOLO,4,5,3,5,4,4,N,Levi_Lapland
1421,1,FAMILY,5,5,4,5,5,5,N,Levi_Lapland
1422,0,BUSINESS,3,4,2,3,5,4,N,Vantaa_Uusimaa
1423,3,FAMILY,3,1,2,5,3,2,N,Saariselka_Lapland
1424,2,FAMILY,4,5,5,5,5,5,N,Levi_Lapland
1425,1,FAMILY,5,4,5,5,5,5,N,Muonio_Lapland
1426,0,FAMILY,5,5,5,3,5,5,N,Helsinki_Uusimaa
1427,1,FAMILY,5,3,4,5,4,4,N,Yllasjarvi_Lapland
1428,2,FAMILY,5,4,4,5,5,5,N,Saariselka_Lapland
1429,5,FAMILY,5,5,5,5,5,5,N,Muonio_Lapland
1430,1,FAMILY,4,4,3,5,3,4,N,Rovaniemi_Lapland
1431,3,FAMILY,5,5,4,5,4,4,N,Muonio_Lapland
1432,0,COUPLES,2,2,2,4,3,3,N,Helsinki_Uusimaa
1433,1,COUPLES,4,5,4,5,5,4,N,Helsinki_Uusimaa
1434,0,FAMILY,2,1,1,5,5,2,N,Jyvaskyla_Central_Finland
1435,2,FAMILY,4,4,4,4,4,4,N,Akaslompolo_Lapland
1436,3,FAMILY,5,5,5,5,4,4,N,Enontekio_Lapland
1437,5,FAMILY,2,2,3,4,2,2,N,Saariselka_Lapland
1438,0,COUPLES,5,5,5,5,5,5,N,Helsinki_Uusimaa
1439,1,BUSINESS,2,2,3,4,4,2,N,Helsinki_Uusimaa
1440,2,FAMILY,5,4,5,5,5,5,N,Rovaniemi_Lapland
1441,10,FAMILY,4,3,5,5,3,1,N,Levi_Lapland
1442,2,FRIENDS,4,5,4,3,5,4,N,Helsinki_Uusimaa
1443,0,COUPLES,5,4,5,5,4,5,N,Rovaniemi_Lapland
1444,2,BUSINESS,2,2,3,5,3,1,N,Kuusamo_Northern_Ostrobothnia
1445,1,FAMILY,4,4,5,5,5,5,N,Levi_Lapland
1446,3,FAMILY,2,1,1,5,1,3,N,Karesuvanto_Lapland
1447,1,COUPLES,4,4,5,3,5,4,N,Helsinki_Uusimaa
1448,3,FAMILY,4,4,4,5,4,4,N,Iso_Syote_Lapland
1449,3,COUPLES,4,4,3,4,4,3,N,Helsinki_Uusimaa
1450,0,FAMILY,3,3,1,5,3,2,N,Rovaniemi_Lapland
1451,4,FRIENDS,5,5,2,3,5,5,N,Enontekio_Lapland
1452,8,FAMILY,4,3,1,5,3,3,N,Karesuvanto_Lapland
1453,1,COUPLES,3,2,4,4,4,4,N,Yllasjarvi_Lapland
1454,2,COUPLES,5,5,5,3,4,4,N,Vuokatti_Kainuu
1455,2,FAMILY,4,4,4,5,5,4,N,Yllasjarvi_Lapland
1456,3,FAMILY,5,5,5,5,5,5,N,Saariselka_Lapland
1457,2,FAMILY,3,3,3,5,3,3,N,Saariselka_Lapland
1458,2,COUPLES,4,5,5,5,5,5,N,Luosto_Lapland
1459,1,FAMILY,5,5,4,5,4,5,N,Levi_Lapland
1460,4,FAMILY,5,4,4,5,4,4,N,Enontekio_Lapland
1461,2,FAMILY,5,4,3,5,5,5,N,Muonio_Lapland
1462,3,FAMILY,4,4,4,5,5,4,N,Yllasjarvi_Lapland
1463,1,FAMILY,4,4,4,4,4,4,N,Yllasjarvi_Lapland
1464,1,FRIENDS,4,5,4,4,5,4,N,Levi_Lapland
1465,1,COUPLES,4,4,5,5,5,5,N,Levi_Lapland
1466,4,FAMILY,5,5,5,5,5,5,N,Enontekio_Lapland
1467,2,FAMILY,5,4,3,5,5,4,N,Akaslompolo_Lapland
1468,3,COUPLES,5,5,4,5,5,5,N,Muonio_Lapland
1469,0,COUPLES,3,4,3,5,3,5,N,Helsinki_Uusimaa
1470,2,FRIENDS,3,3,5,4,5,5,N,Yllasjarvi_Lapland
1471,2,FAMILY,2,2,1,5,3,2,N,Karesuvanto_Lapland
1472,1,FAMILY,2,2,3,4,1,1,N,Yllasjarvi_Lapland
1473,2,COUPLES,5,4,5,5,5,5,N,Iso_Syote_Lapland
1474,1,FAMILY,5,5,3,5,5,5,N,Muonio_Lapland
1475,1,FAMILY,4,4,4,3,4,3,N,Oulu_Northern_Ostrobothnia
1476,4,FAMILY,2,1,3,3,4,3,N,Levi_Lapland
1477,0,COUPLES,5,5,5,5,5,5,N,Helsinki_Uusimaa
1478,1,FAMILY,4,4,5,5,5,4,N,Saariselka_Lapland
1479,0,FAMILY,5,4,5,5,5,4,N,Rovaniemi_Lapland
1480,1,BUSINESS,5,4,5,5,5,5,N,Helsinki_Uusimaa
1481,1,FAMILY,5,4,5,5,5,4,N,Yllasjarvi_Lapland
1482,2,FAMILY,5,5,3,5,5,5,N,Enontekio_Lapland
1483,0,COUPLES,4,5,4,5,4,5,N,Luosto_Lapland
1484,0,COUPLES,5,5,5,5,5,5,N,Helsinki_Uusimaa
1485,2,FAMILY,2,2,2,4,1,1,N,Levi_Lapland
1486,4,FAMILY,2,1,4,4,4,3,N,Saariselka_Lapland
1487,4,FAMILY,5,5,4,5,4,4,N,Muonio_Lapland
1488,0,FAMILY,4,4,5,5,5,4,N,Rovaniemi_Lapland
1489,4,FAMILY,2,2,2,5,4,2,N,Saariselka_Lapland
1490,0,SOLO,5,4,5,5,5,4,N,Helsinki_Uusimaa
1491,10,COUPLES,1,1,1,1,1,1,N,Saariselka_Lapland
1492,4,FAMILY,4,4,4,4,4,4,N,Muonio_Lapland
1493,1,FAMILY,3,4,4,4,4,2,N,Yllasjarvi_Lapland
1494,2,FAMILY,4,4,4,5,4,4,N,Saariselka_Lapland
1495,3,BUSINESS,4,4,5,3,5,4,N,Helsinki_Uusimaa
1496,0,COUPLES,4,4,4,4,5,4,N,Helsinki_Uusimaa
1497,1,FRIENDS,4,4,4,4,4,3,N,Helsinki_Uusimaa
1498,0,FAMILY,5,5,4,5,5,4,N,Vantaa_Uusimaa
1499,0,COUPLES,4,3,5,5,3,1,N,Saariselka_Lapland
1500,1,FAMILY,2,2,2,4,4,1,N,Naantali_Southwest_Finland
1501,1,FAMILY,4,3,3,3,4,4,N,Saariselka_Lapland
1502,1,SOLO,3,4,4,4,4,4,N,Helsinki_Uusimaa
1503,2,FAMILY,5,5,5,5,5,5,N,Yllasjarvi_Lapland
1504,7,SOLO,4,4,3,2,5,5,N,Helsinki_Uusimaa
1505,7,FAMILY,2,2,1,4,2,1,N,Saariselka_Lapland
1506,6,COUPLES,5,4,5,5,5,4,N,Rukatunturi_Northern_Ostrobothnia
1507,3,FRIENDS,5,5,5,5,5,3,N,Akaslompolo_Lapland
1508,2,FAMILY,4,4,4,5,4,5,N,Akaslompolo_Lapland
1509,1,BUSINESS,4,4,5,4,5,5,N,Helsinki_Uusimaa
1510,2,FAMILY,5,3,5,5,4,3,N,Akaslompolo_Lapland
1511,3,COUPLES,5,5,5,5,4,4,N,Yllasjarvi_Lapland
1512,4,FAMILY,2,2,2,4,4,4,N,Akaslompolo_Lapland
1513,2,FAMILY,5,5,4,5,5,5,N,Rovaniemi_Lapland
1514,0,BUSINESS,5,3,4,5,4,4,N,Yllasjarvi_Lapland
1515,6,COUPLES,5,3,3,5,4,5,N,Karesuvanto_Lapland
1516,0,COUPLES,4,4,4,5,4,4,N,Rovaniemi_Lapland
1517,0,COUPLES,5,4,5,5,5,5,N,Helsinki_Uusimaa
1518,3,FAMILY,5,5,3,5,5,5,N,Karesuvanto_Lapland
1519,0,SOLO,5,5,5,5,5,5,N,Nagu_Southwest_Finland
1520,0,COUPLES,5,4,4,4,5,5,N,Helsinki_Uusimaa
1521,5,FAMILY,5,5,5,5,5,4,N,Levi_Lapland
1522,1,FAMILY,4,2,5,5,3,3,N,Yllasjarvi_Lapland
1523,0,SOLO,4,4,4,4,4,4,N,Helsinki_Uusimaa
1524,0,BUSINESS,3,3,3,3,3,3,N,Turku_Southwest_Finland
1525,0,COUPLES,4,4,4,5,5,4,N,Helsinki_Uusimaa
1526,3,SOLO,5,4,4,5,5,4,N,Levi_Lapland
1527,0,BUSINESS,3,3,3,3,4,3,N,Helsinki_Uusimaa
1528,0,FAMILY,4,4,4,3,4,4,N,Kuusamo_Northern_Ostrobothnia
1529,4,FAMILY,2,2,5,4,5,5,N,Yllasjarvi_Lapland
1530,0,BUSINESS,4,4,4,5,3,3,N,Helsinki_Uusimaa
1531,1,COUPLES,5,4,4,5,4,4,N,Salla_Lapland
1532,0,BUSINESS,4,4,4,4,4,4,N,Oulu_Northern_Ostrobothnia
1533,5,COUPLES,5,3,3,5,4,5,N,Karesuvanto_Lapland
1534,3,COUPLES,4,4,3,5,2,3,N,Saariselka_Lapland
1535,0,COUPLES,5,5,5,4,5,4,N,Helsinki_Uusimaa
1536,8,COUPLES,5,5,5,5,5,5,N,Saariselka_Lapland
1537,0,SOLO,5,4,4,4,5,5,N,Vantaa_Uusimaa
1538,1,COUPLES,5,5,5,4,5,5,N,Kuusamo_Northern_Ostrobothnia
1539,3,FAMILY,3,3,4,4,4,2,N,Yllasjarvi_Lapland
1540,4,COUPLES,5,5,3,5,3,5,N,Karesuvanto_Lapland
1541,2,FAMILY,5,5,5,5,5,5,N,Luosto_Lapland
1542,0,BUSINESS,1,1,1,4,1,2,N,Helsinki_Uusimaa
1543,2,FAMILY,5,5,5,4,5,4,N,Akaslompolo_Lapland
1544,8,COUPLES,4,4,5,5,5,4,N,Yllasjarvi_Lapland
1545,0,COUPLES,4,3,4,5,5,3,N,Helsinki_Uusimaa
1546,2,FAMILY,5,4,4,5,4,3,N,Levi_Lapland
1547,0,BUSINESS,4,4,3,5,4,4,N,Helsinki_Uusimaa
1548,1,COUPLES,5,5,4,4,5,4,N,Saariselka_Lapland
1549,1,BUSINESS,5,4,5,5,5,5,N,Helsinki_Uusimaa
1550,0,FAMILY,5,5,5,3,5,5,N,Helsinki_Uusimaa
1551,1,COUPLES,5,5,5,5,5,5,N,Helsinki_Uusimaa
1552,1,COUPLES,1,1,1,4,5,3,N,Rovaniemi_Lapland
1553,0,FAMILY,5,4,5,5,5,5,N,Rovaniemi_Lapland
1554,2,COUPLES,4,4,4,5,5,5,N,Luosto_Lapland
1555,0,COUPLES,4,4,4,5,5,4,N,Rovaniemi_Lapland
1556,1,BUSINESS,4,4,5,2,4,4,N,Espoo_Uusimaa
1557,9,FAMILY,5,5,4,5,4,5,N,Nellim_Lapland
1558,0,BUSINESS,3,3,4,4,4,4,N,Helsinki_Uusimaa
1559,2,FAMILY,5,5,5,5,5,5,N,Enontekio_Lapland
1560,2,BUSINESS,4,4,4,3,5,4,N,Mustasaari_Ostrobothnia
1561,1,FAMILY,3,3,3,3,4,3,N,Saariselka_Lapland
1562,4,COUPLES,4,4,4,4,4,5,N,Luosto_Lapland
1563,0,BUSINESS,4,4,5,4,4,3,N,Helsinki_Uusimaa
1564,1,FRIENDS,5,5,5,5,5,5,N,Helsinki_Uusimaa
1565,0,FAMILY,4,4,4,4,5,4,N,Levi_Lapland
1566,1,FRIENDS,5,5,5,5,5,5,N,Salla_Lapland
1567,1,COUPLES,4,5,3,4,5,5,N,Yllasjarvi_Lapland
1568,0,FAMILY,5,5,5,5,5,5,N,Helsinki_Uusimaa
1569,0,COUPLES,3,3,2,2,4,3,N,Haukipudas_Northern_Ostrobothnia
1570,0,COUPLES,4,4,3,4,4,4,N,Rovaniemi_Lapland
1571,2,FAMILY,4,5,5,5,4,4,N,Luosto_Lapland
1572,3,COUPLES,5,4,3,5,4,5,N,Karesuvanto_Lapland
1573,2,FAMILY,5,5,5,5,5,5,N,Turku_Southwest_Finland
1574,1,COUPLES,5,5,5,5,5,5,N,Levi_Lapland
1575,0,FAMILY,5,4,4,4,5,5,N,Helsinki_Uusimaa
1576,1,BUSINESS,5,4,5,4,5,5,N,Levi_Lapland
1577,0,SOLO,5,4,5,5,5,5,N,Helsinki_Uusimaa
1578,0,BUSINESS,4,3,3,4,5,4,N,Tampere_Pirkanmaa
1579,0,FAMILY,4,4,4,5,5,4,N,Rovaniemi_Lapland
1580,10,FAMILY,5,4,5,5,4,3,N,Yllasjarvi_Lapland
1581,0,COUPLES,5,4,5,5,4,5,N,Helsinki_Uusimaa
1582,0,BUSINESS,4,4,3,5,5,4,N,Helsinki_Uusimaa
1583,2,COUPLES,4,4,5,5,3,5,N,Helsinki_Uusimaa
1584,2,COUPLES,5,5,4,5,5,5,N,Muonio_Lapland
1585,1,BUSINESS,4,5,4,5,4,5,N,Helsinki_Uusimaa
1586,2,FAMILY,4,4,4,5,5,4,N,Muonio_Lapland
1587,3,FAMILY,5,4,3,5,5,5,N,Muonio_Lapland
1588,2,FAMILY,5,4,5,5,5,5,N,Helsinki_Uusimaa
1589,1,COUPLES,5,5,5,5,5,5,N,Kuhmo_Wild_Taiga_Kainuu
1590,0,BUSINESS,4,4,4,3,4,4,N,Helsinki_Uusimaa
1591,4,FAMILY,5,5,4,5,5,4,N,Helsinki_Uusimaa
1592,0,BUSINESS,5,4,5,5,5,4,N,Helsinki_Uusimaa
1593,0,COUPLES,4,5,5,5,5,4,N,Helsinki_Uusimaa
1594,1,COUPLES,3,1,3,4,4,3,N,Naantali_Southwest_Finland
1595,3,COUPLES,4,5,3,5,5,5,N,Muonio_Lapland
1596,1,COUPLES,3,3,3,4,4,4,N,Tampere_Pirkanmaa
1597,1,FAMILY,5,5,5,5,5,5,N,Levi_Lapland
1598,0,COUPLES,4,4,3,4,5,3,N,Helsinki_Uusimaa
1599,0,COUPLES,4,4,4,5,4,3,N,Helsinki_Uusimaa
1600,4,FRIENDS,4,3,4,4,4,2,N,Saariselka_Lapland
1601,2,FRIENDS,3,3,3,3,5,4,N,Helsinki_Uusimaa
1602,1,COUPLES,3,2,2,3,4,3,N,Levi_Lapland
1603,0,FRIENDS,5,5,5,5,5,5,N,Helsinki_Uusimaa
1604,5,FAMILY,4,4,4,5,4,3,N,Saariselka_Lapland
1605,0,FAMILY,5,4,4,4,5,4,N,Levi_Lapland
1606,0,FRIENDS,5,5,5,5,5,5,N,Helsinki_Uusimaa
1607,5,COUPLES,4,5,5,5,5,3,N,Iso_Syote_Lapland
1608,5,COUPLES,2,2,4,4,4,2,N,Yllasjarvi_Lapland
1609,0,BUSINESS,3,3,4,4,4,3,N,Vantaa_Uusimaa
1610,0,BUSINESS,4,3,4,4,4,4,N,Pori_Satakunta
1611,0,FRIENDS,5,5,5,5,5,5,N,Helsinki_Uusimaa
1612,4,COUPLES,5,5,5,5,5,5,N,Levi_Lapland
1613,2,COUPLES,4,3,4,3,5,4,N,Helsinki_Uusimaa
1614,0,COUPLES,5,5,5,4,5,4,N,Salla_Lapland
1615,1,COUPLES,3,2,2,5,4,4,N,Mariehamn_Aland_Island_Aland
1616,0,COUPLES,4,4,5,4,5,4,N,Saariselka_Lapland
1617,7,FRIENDS,4,3,5,5,5,4,N,Saariselka_Lapland
1618,0,COUPLES,5,5,5,5,5,5,N,Helsinki_Uusimaa
1619,0,BUSINESS,3,2,3,1,4,3,N,Espoo_Uusimaa
1620,0,BUSINESS,5,4,5,5,5,4,N,Vantaa_Uusimaa
1621,1,COUPLES,5,5,5,5,5,5,N,Taivalkoski_Northern_Ostrobothnia
1622,2,COUPLES,5,5,5,5,5,5,N,Levi_Lapland
1623,2,SOLO,3,4,3,4,5,1,N,Helsinki_Uusimaa
1624,5,COUPLES,5,5,5,5,5,5,N,Yllasjarvi_Lapland
1625,3,COUPLES,3,3,2,5,4,4,N,Karesuvanto_Lapland
1626,3,COUPLES,4,4,5,4,4,4,N,Rovaniemi_Lapland
1627,1,FRIENDS,3,4,3,5,4,3,N,Lappeenranta_South_Karelia
1628,0,COUPLES,2,1,2,3,2,3,N,Helsinki_Uusimaa
1629,0,COUPLES,4,4,3,5,4,3,N,Saariselka_Lapland
1630,1,COUPLES,5,5,3,5,5,5,N,Levi_Lapland
1631,1,COUPLES,4,5,5,5,4,4,N,Muonio_Lapland
1632,0,BUSINESS,4,4,5,3,5,5,N,Helsinki_Uusimaa
1633,0,FAMILY,4,4,4,5,4,4,N,Saariselka_Lapland
1634,0,COUPLES,5,5,5,5,5,5,N,Helsinki_Uusimaa
1635,2,BUSINESS,5,4,5,5,5,5,N,Helsinki_Uusimaa
1636,0,BUSINESS,3,1,2,3,3,2,N,Rovaniemi_Lapland
1637,1,SOLO,5,5,4,4,5,5,N,Turku_Southwest_Finland
1638,0,COUPLES,5,4,4,3,5,4,N,Helsinki_Uusimaa
1639,3,FRIENDS,5,3,5,5,5,5,N,Saariselka_Lapland
1640,0,BUSINESS,1,1,2,3,2,1,N,Vantaa_Uusimaa
1641,2,FAMILY,4,4,3,5,4,5,N,Karesuvanto_Lapland
1642,3,FRIENDS,5,5,5,5,5,5,N,Levi_Lapland
1643,1,BUSINESS,5,5,5,5,5,4,N,Helsinki_Uusimaa
1644,1,BUSINESS,4,4,5,4,5,3,N,Helsinki_Uusimaa
1645,8,FRIENDS,4,5,3,5,4,5,N,Yllasjarvi_Lapland
1646,3,COUPLES,5,3,5,5,5,5,N,Saariselka_Lapland
1647,1,COUPLES,4,5,3,3,4,4,N,Vantaa_Uusimaa
1648,1,COUPLES,4,3,4,5,4,4,N,Saariselka_Lapland
1649,0,COUPLES,2,1,1,4,1,2,N,Akaslompolo_Lapland
1650,0,BUSINESS,3,3,2,4,5,3,N,Helsinki_Uusimaa
1651,4,COUPLES,5,5,5,5,4,5,N,Karesuvanto_Lapland
1652,5,COUPLES,5,5,5,5,5,5,N,Levi_Lapland
1653,4,COUPLES,4,3,4,4,5,4,N,Akaslompolo_Lapland
1654,0,BUSINESS,5,4,5,5,5,4,N,Helsinki_Uusimaa
1655,2,COUPLES,4,5,5,5,5,4,N,Helsinki_Uusimaa
1656,0,COUPLES,4,4,4,5,5,5,N,Helsinki_Uusimaa
1657,11,COUPLES,5,5,5,5,5,5,N,Kemi_Lapland
1658,0,COUPLES,5,5,5,5,5,5,N,Levi_Lapland
1659,0,COUPLES,4,3,3,4,3,2,N,Salla_Lapland
1660,2,COUPLES,4,5,4,5,4,4,N,Levi_Lapland
1661,2,COUPLES,5,5,5,5,5,5,N,Helsinki_Uusimaa
1662,0,COUPLES,4,4,4,5,5,4,N,Helsinki_Uusimaa
1663,0,BUSINESS,3,3,3,3,4,3,N,Rauma_Satakunta
1664,0,FAMILY,4,4,4,5,5,4,N,Levi_Lapland
1665,1,COUPLES,4,4,3,4,5,3,N,Saariselka_Lapland
1666,1,BUSINESS,5,3,5,5,5,4,N,Helsinki_Uusimaa
1667,1,BUSINESS,3,3,3,2,4,4,N,Tampere_Pirkanmaa
1668,3,FAMILY,2,2,2,2,3,3,N,Akaslompolo_Lapland
1669,1,BUSINESS,3,3,2,3,4,4,N,Helsinki_Uusimaa
1670,0,BUSINESS,4,3,4,3,5,4,N,Espoo_Uusimaa
1671,1,BUSINESS,5,4,5,5,5,5,N,Helsinki_Uusimaa
1672,2,FAMILY,4,3,3,4,3,3,N,Saariselka_Lapland
1673,0,FAMILY,4,3,4,3,4,3,N,Naantali_Southwest_Finland
1674,1,FAMILY,5,5,5,5,5,5,N,Kemi_Lapland
1675,2,FAMILY,4,4,4,4,4,4,N,Kemi_Lapland
1676,8,FAMILY,5,5,5,5,5,5,N,Rukatunturi_Northern_Ostrobothnia
1677,5,COUPLES,5,5,5,5,5,5,N,Kemi_Lapland
1678,0,COUPLES,5,4,5,5,5,4,N,Helsinki_Uusimaa
1679,1,COUPLES,5,5,5,5,5,5,N,Akaslompolo_Lapland
1680,0,FRIENDS,5,4,5,4,5,5,N,Helsinki_Uusimaa
1681,0,FRIENDS,4,5,4,4,5,5,N,Levi_Lapland
1682,5,FAMILY,5,5,5,5,5,5,N,Yllasjarvi_Lapland
1683,0,BUSINESS,4,4,5,4,5,5,N,Helsinki_Uusimaa
1684,6,FAMILY,5,4,5,5,5,5,N,Saariselka_Lapland
1685,0,BUSINESS,5,4,5,5,5,5,N,Helsinki_Uusimaa
1686,0,BUSINESS,3,3,3,4,4,1,N,Helsinki_Uusimaa
1687,1,COUPLES,4,4,4,3,5,4,N,Helsinki_Uusimaa
1688,2,FAMILY,5,4,5,5,5,5,N,Joensuu_North_Karelia
1689,0,COUPLES,4,4,4,5,5,4,N,Levi_Lapland
1690,0,BUSINESS,4,3,4,5,5,3,N,Vantaa_Uusimaa
1691,2,FAMILY,5,4,5,5,5,5,N,Helsinki_Uusimaa
1692,0,BUSINESS,2,3,1,4,4,4,N,Helsinki_Uusimaa
1693,0,BUSINESS,5,5,4,5,5,4,N,Helsinki_Uusimaa
1694,0,FAMILY,5,5,5,5,5,4,N,Helsinki_Uusimaa
1695,2,FAMILY,5,5,5,5,5,5,N,Yllasjarvi_Lapland
1696,2,BUSINESS,3,2,3,5,5,3,N,Helsinki_Uusimaa
1697,2,SOLO,5,5,5,5,5,5,N,Saariselka_Lapland
1698,2,COUPLES,4,4,3,5,4,4,N,Saariselka_Lapland
1699,1,COUPLES,4,5,3,3,5,4,N,Yllasjarvi_Lapland
1700,1,SOLO,3,2,3,2,5,2,N,Helsinki_Uusimaa
1701,0,SOLO,4,4,4,3,4,4,N,Helsinki_Uusimaa
1702,0,COUPLES,3,2,3,3,4,3,N,Helsinki_Uusimaa
1703,1,FRIENDS,4,4,4,4,4,4,N,Vantaa_Uusimaa
1704,3,COUPLES,5,4,5,5,5,5,N,Helsinki_Uusimaa
1705,1,FAMILY,4,5,4,5,5,2,N,Joensuu_North_Karelia
1706,1,COUPLES,5,4,5,5,5,5,N,Helsinki_Uusimaa
1707,2,COUPLES,3,3,3,3,3,3,N,Helsinki_Uusimaa
1708,0,COUPLES,3,4,3,4,3,3,N,Saariselka_Lapland
1709,6,COUPLES,5,5,5,5,5,5,N,Yllasjarvi_Lapland
1710,5,FAMILY,5,5,5,5,5,5,N,Levi_Lapland
1711,1,COUPLES,4,5,4,5,4,5,N,Nuorgam_Lapland
1712,3,FAMILY,5,4,5,5,5,4,N,Levi_Lapland
1713,3,FAMILY,4,4,5,5,5,4,N,Yllasjarvi_Lapland
1714,1,COUPLES,5,4,5,5,5,4,N,Helsinki_Uusimaa
1715,0,BUSINESS,3,3,3,3,4,4,N,Helsinki_Uusimaa
1716,1,SOLO,4,4,3,3,3,3,N,Helsinki_Uusimaa
1717,2,COUPLES,5,5,5,5,5,5,N,Helsinki_Uusimaa
1718,1,BUSINESS,1,1,1,3,1,2,N,Lahti_Tavastia_Proper
1719,1,FAMILY,5,5,5,5,5,5,N,Kuusamo_Northern_Ostrobothnia
1720,2,BUSINESS,3,3,4,5,3,3,N,Helsinki_Uusimaa
1721,3,BUSINESS,5,4,5,5,4,4,N,Helsinki_Uusimaa
1722,0,COUPLES,4,5,4,5,5,4,N,Helsinki_Uusimaa
1723,1,COUPLES,5,2,4,5,4,5,N,Iso_Syote_Lapland
1724,0,COUPLES,5,4,5,5,5,4,N,Helsinki_Uusimaa
1725,2,FAMILY,3,2,3,4,3,3,N,Levi_Lapland
1726,1,COUPLES,3,4,3,5,4,3,N,Tampere_Pirkanmaa
1727,0,COUPLES,4,4,4,3,5,5,N,Tampere_Pirkanmaa
1728,0,COUPLES,5,5,5,4,5,5,N,Helsinki_Uusimaa
1729,0,BUSINESS,5,5,4,5,5,4,N,Helsinki_Uusimaa
1730,1,COUPLES,5,4,4,5,5,5,N,Helsinki_Uusimaa
1731,2,COUPLES,5,4,5,5,5,5,N,Helsinki_Uusimaa
1732,0,BUSINESS,4,5,4,4,5,4,N,Helsinki_Uusimaa
1733,0,BUSINESS,5,3,5,5,5,4,N,Helsinki_Uusimaa
1734,1,BUSINESS,5,5,5,5,5,5,N,Tampere_Pirkanmaa
1735,0,BUSINESS,5,5,5,5,5,5,N,Vantaa_Uusimaa
1736,1,BUSINESS,5,5,4,4,4,5,N,Espoo_Uusimaa
1737,0,COUPLES,4,4,4,5,5,3,N,Helsinki_Uusimaa
1738,0,BUSINESS,5,5,5,5,5,5,N,Helsinki_Uusimaa
1739,3,BUSINESS,3,4,2,4,1,3,N,Helsinki_Uusimaa
1740,1,FAMILY,5,5,4,5,5,5,N,Helsinki_Uusimaa
1741,0,FAMILY,4,4,4,5,4,5,N,Helsinki_Uusimaa
1742,1,FAMILY,4,5,3,4,4,3,N,Levi_Lapland
1743,0,SOLO,4,4,4,4,5,4,N,Helsinki_Uusimaa
1744,1,BUSINESS,4,4,5,4,5,4,N,Helsinki_Uusimaa
1745,6,FRIENDS,4,4,5,5,5,5,N,Helsinki_Uusimaa
1746,0,BUSINESS,5,5,5,5,5,5,N,Helsinki_Uusimaa
1747,1,BUSINESS,5,5,5,5,5,5,N,Helsinki_Uusimaa
1748,0,BUSINESS,5,5,5,5,5,5,N,Helsinki_Uusimaa
1749,0,FAMILY,5,5,5,3,5,4,N,Espoo_Uusimaa
1750,1,COUPLES,4,3,5,5,5,4,N,Helsinki_Uusimaa
1751,2,FRIENDS,4,4,4,4,5,5,N,Helsinki_Uusimaa
1752,2,FRIENDS,4,4,4,4,4,4,N,Helsinki_Uusimaa
1753,1,COUPLES,4,4,5,4,5,4,N,Helsinki_Uusimaa
1754,0,COUPLES,5,5,5,4,5,5,N,Helsinki_Uusimaa
1755,1,BUSINESS,3,3,2,5,3,3,N,Tampere_Pirkanmaa
1756,3,COUPLES,5,4,4,4,5,5,N,Yllasjarvi_Lapland
1757,3,FAMILY,4,3,4,4,5,3,N,Espoo_Uusimaa
1758,1,BUSINESS,4,3,4,5,5,3,N,Helsinki_Uusimaa
1759,1,COUPLES,2,1,2,2,3,2,N,Helsinki_Uusimaa
1760,1,FAMILY,5,4,5,5,5,5,N,Rovaniemi_Lapland
1761,1,BUSINESS,3,3,3,4,2,2,N,Helsinki_Uusimaa
1762,0,COUPLES,5,5,5,5,5,5,N,Helsinki_Uusimaa
1763,1,COUPLES,4,4,3,5,4,5,N,Porvoo_Uusimaa
1764,0,COUPLES,5,4,4,5,5,5,N,Vantaa_Uusimaa
1765,0,FAMILY,5,5,5,4,5,5,N,Oulu_Northern_Ostrobothnia
1766,3,FRIENDS,5,4,4,4,5,4,N,Lappeenranta_South_Karelia
1767,1,COUPLES,4,5,4,5,5,4,N,Akaslompolo_Lapland
1768,0,BUSINESS,2,2,1,3,3,2,N,Helsinki_Uusimaa
1769,0,BUSINESS,3,4,3,5,3,4,N,Turku_Southwest_Finland
1770,0,BUSINESS,5,4,5,5,5,5,N,Helsinki_Uusimaa
1771,1,BUSINESS,3,3,4,3,4,4,N,Helsinki_Uusimaa
1772,1,BUSINESS,4,4,4,4,5,5,N,Helsinki_Uusimaa
1773,1,FRIENDS,4,5,3,3,5,3,N,Helsinki_Uusimaa
1774,0,SOLO,3,4,4,5,2,4,N,Helsinki_Uusimaa
1775,0,FRIENDS,2,1,2,4,1,2,N,Helsinki_Uusimaa
1776,1,COUPLES,4,2,4,5,3,3,N,Rovaniemi_Lapland
1777,1,COUPLES,4,2,4,2,5,3,N,Kuusamo_Northern_Ostrobothnia
1778,0,BUSINESS,4,4,4,3,4,4,N,Vantaa_Uusimaa
1779,1,BUSINESS,3,3,4,5,4,4,N,Helsinki_Uusimaa
1780,1,COUPLES,5,3,5,5,5,4,N,Saariselka_Lapland
1781,0,BUSINESS,3,4,3,5,4,3,N,Vaasa_Ostrobothnia
1782,0,COUPLES,4,4,5,5,4,3,N,Helsinki_Uusimaa
1783,0,COUPLES,4,4,4,5,4,4,N,Rovaniemi_Lapland
1784,0,BUSINESS,2,2,2,3,2,2,N,Mariehamn_Aland_Island_Aland
1785,1,BUSINESS,4,4,4,5,4,4,N,Jyvaskyla_Central_Finland
1786,1,COUPLES,1,1,2,3,2,1,N,Tampere_Pirkanmaa
1787,1,COUPLES,3,3,2,4,2,4,N,Porvoo_Uusimaa
1788,1,BUSINESS,3,2,1,3,3,4,N,Espoo_Uusimaa
1789,2,FAMILY,2,1,1,3,2,1,N,Akaslompolo_Lapland
1790,3,FRIENDS,5,5,4,4,4,5,N,Helsinki_Uusimaa
1791,1,BUSINESS,5,4,5,5,5,5,N,Turku_Southwest_Finland
1792,0,FRIENDS,4,5,4,5,4,4,N,Helsinki_Uusimaa
1793,0,FRIENDS,4,4,5,3,5,4,N,Helsinki_Uusimaa
1794,0,FRIENDS,3,3,2,5,4,4,N,Helsinki_Uusimaa
1795,0,BUSINESS,3,3,3,3,3,3,N,Helsinki_Uusimaa
1796,1,COUPLES,5,4,5,5,5,5,N,Tampere_Pirkanmaa
1797,0,COUPLES,5,5,5,4,5,5,N,Helsinki_Uusimaa
1798,0,BUSINESS,3,2,3,5,2,2,N,Helsinki_Uusimaa
1799,0,COUPLES,5,4,5,5,5,5,N,Helsinki_Uusimaa
1800,1,BUSINESS,4,2,3,5,5,3,N,Helsinki_Uusimaa
1801,0,SOLO,3,4,3,5,3,4,N,Helsinki_Uusimaa
1802,0,BUSINESS,5,4,3,5,5,5,N,Helsinki_Uusimaa
1803,0,BUSINESS,3,2,3,5,3,2,N,Nagu_Southwest_Finland
1804,1,COUPLES,4,3,3,4,4,4,N,Porvoo_Uusimaa
1805,0,BUSINESS,5,4,5,5,5,5,N,Helsinki_Uusimaa
1806,1,FRIENDS,4,5,5,5,5,5,N,Keuruu_Central_Finland
1807,0,FAMILY,4,4,4,3,5,3,N,Helsinki_Uusimaa
1808,0,COUPLES,5,5,5,5,5,4,N,Helsinki_Uusimaa
1809,0,COUPLES,5,5,5,5,5,5,N,Helsinki_Uusimaa
1810,0,COUPLES,5,4,5,5,5,4,N,Helsinki_Uusimaa
1811,2,BUSINESS,4,4,3,3,4,4,N,Helsinki_Uusimaa
1812,0,COUPLES,3,1,2,1,4,3,N,Helsinki_Uusimaa
1813,0,BUSINESS,3,3,5,4,4,3,N,Kokkola_Central_Ostrobothnia
1814,0,BUSINESS,5,5,5,5,5,5,N,Helsinki_Uusimaa
1815,0,COUPLES,4,3,4,4,3,3,N,Yllasjarvi_Lapland
1816,1,COUPLES,5,5,5,5,5,5,N,Kittila_Lapland
1817,0,FAMILY,5,5,5,5,5,5,N,Helsinki_Uusimaa
1818,2,COUPLES,5,5,4,5,5,5,N,Geta_Aland_Island_Aland
1819,0,BUSINESS,5,4,4,5,5,4,N,Oulu_Northern_Ostrobothnia
1820,0,BUSINESS,4,4,4,5,4,4,N,Helsinki_Uusimaa
1821,3,COUPLES,5,5,4,5,5,4,N,Yllasjarvi_Lapland
1822,0,COUPLES,3,2,3,5,4,2,N,Nagu_Southwest_Finland
1823,0,COUPLES,5,5,5,4,5,5,N,Helsinki_Uusimaa
1824,0,BUSINESS,4,4,4,4,5,4,N,Vantaa_Uusimaa
1825,2,BUSINESS,5,3,5,5,5,5,N,Helsinki_Uusimaa
1826,0,BUSINESS,4,4,4,5,4,4,N,Helsinki_Uusimaa
1827,0,COUPLES,5,5,5,5,5,5,N,Helsinki_Uusimaa
1828,0,SOLO,3,4,4,4,4,5,N,Kajaani_Kainuu
1829,0,FRIENDS,4,4,4,4,4,4,N,Helsinki_Uusimaa
1830,0,COUPLES,5,4,5,5,5,5,N,Helsinki_Uusimaa
1831,2,FAMILY,3,4,3,3,3,4,N,Rovaniemi_Lapland
1832,0,BUSINESS,3,2,3,4,3,3,N,Mariehamn_Aland_Island_Aland
1833,0,FRIENDS,2,1,3,5,4,2,N,Turku_Southwest_Finland
1834,0,COUPLES,4,4,5,5,5,4,N,Helsinki_Uusimaa
1835,1,FAMILY,4,5,4,5,5,4,N,Helsinki_Uusimaa
1836,0,COUPLES,5,5,5,5,5,5,N,Helsinki_Uusimaa
1837,1,BUSINESS,1,1,1,2,1,1,N,Helsinki_Uusimaa
1838,0,BUSINESS,3,3,4,2,4,4,N,Vantaa_Uusimaa
1839,0,SOLO,4,5,4,4,4,5,N,Helsinki_Uusimaa
1840,1,COUPLES,1,3,1,2,1,1,N,Tampere_Pirkanmaa
1841,0,COUPLES,4,5,4,5,5,4,N,Turku_Southwest_Finland
1842,0,COUPLES,4,3,4,4,4,4,N,Helsinki_Uusimaa
1843,1,COUPLES,5,4,5,5,5,4,N,Helsinki_Uusimaa
1844,0,FRIENDS,5,5,5,5,5,5,N,Helsinki_Uusimaa
1845,0,FAMILY,4,4,5,4,5,4,N,Levi_Lapland
1846,0,COUPLES,4,3,4,5,5,4,N,Rovaniemi_Lapland
1847,0,BUSINESS,4,3,5,3,4,4,N,Kauhajoki_Southern_Ostrobothnia
1848,1,FAMILY,4,3,4,5,5,4,N,Tampere_Pirkanmaa
1849,1,BUSINESS,4,3,3,5,5,5,N,Helsinki_Uusimaa
1850,0,COUPLES,5,4,4,5,5,5,N,Helsinki_Uusimaa
1851,0,COUPLES,5,5,5,5,5,3,N,Helsinki_Uusimaa
1852,0,COUPLES,5,3,5,5,5,3,N,Helsinki_Uusimaa
1853,0,BUSINESS,5,5,4,5,5,4,N,Helsinki_Uusimaa
1854,0,BUSINESS,4,4,4,4,5,5,N,Uusikaupunki_Southwest_Finland
1855,0,BUSINESS,4,4,4,5,4,4,N,Helsinki_Uusimaa
1856,1,COUPLES,4,3,4,5,4,4,N,Helsinki_Uusimaa
1857,1,COUPLES,5,4,5,4,5,5,N,Helsinki_Uusimaa
1858,0,BUSINESS,4,4,5,5,5,4,N,Rovaniemi_Lapland
1859,1,BUSINESS,4,4,3,3,4,3,N,Helsinki_Uusimaa
1860,0,COUPLES,4,4,4,4,4,4,N,Helsinki_Uusimaa
1861,2,COUPLES,5,4,5,5,5,5,N,Inari_Lapland
1862,0,BUSINESS,1,2,1,3,2,3,N,Vantaa_Uusimaa
1863,0,FRIENDS,5,5,4,5,5,5,N,Helsinki_Uusimaa
1864,0,BUSINESS,4,3,3,4,5,4,N,Helsinki_Uusimaa
1865,1,SOLO,5,4,5,4,5,5,N,Helsinki_Uusimaa
1866,0,BUSINESS,5,5,5,5,5,5,N,Helsinki_Uusimaa
1867,0,BUSINESS,3,3,3,4,3,4,N,Helsinki_Uusimaa
1868,1,COUPLES,4,3,3,5,3,3,N,Nellim_Lapland
1869,0,COUPLES,5,4,5,5,5,5,N,Helsinki_Uusimaa
1870,0,COUPLES,4,4,4,5,5,3,N,Turku_Southwest_Finland
1871,0,FAMILY,4,4,4,5,4,4,N,Tampere_Pirkanmaa
1872,0,SOLO,5,5,5,5,5,5,N,Taivalkoski_Northern_Ostrobothnia
1873,0,SOLO,4,5,4,4,5,5,N,Helsinki_Uusimaa
1874,0,SOLO,4,4,5,5,5,4,N,Helsinki_Uusimaa
1875,0,COUPLES,4,4,4,4,4,4,N,Levi_Lapland
1876,0,COUPLES,5,3,5,5,5,5,N,Helsinki_Uusimaa
1877,0,COUPLES,5,5,5,5,5,5,N,Helsinki_Uusimaa
1878,0,COUPLES,5,4,5,5,3,4,N,Helsinki_Uusimaa
1879,0,FRIENDS,3,3,2,5,4,3,N,Tampere_Pirkanmaa
1880,0,COUPLES,4,4,4,5,4,3,N,Helsinki_Uusimaa
1881,1,COUPLES,5,5,5,5,4,4,N,Helsinki_Uusimaa
1882,0,FRIENDS,2,1,1,5,2,1,N,Helsinki_Uusimaa
1883,0,COUPLES,3,3,4,3,4,4,N,Turku_Southwest_Finland
1884,2,COUPLES,5,3,5,5,5,3,N,Helsinki_Uusimaa
1885,0,COUPLES,2,2,2,4,2,2,N,Lahti_Tavastia_Proper
1886,0,COUPLES,4,4,4,5,4,3,N,Vantaa_Uusimaa
1887,0,FRIENDS,5,5,5,5,5,5,N,Helsinki_Uusimaa
1888,0,COUPLES,4,4,5,5,5,4,N,Helsinki_Uusimaa
1889,0,COUPLES,5,5,5,5,5,4,N,Helsinki_Uusimaa
1890,0,BUSINESS,4,3,5,4,5,4,N,Helsinki_Uusimaa
1891,1,FRIENDS,4,4,4,4,5,5,N,Helsinki_Uusimaa
1892,0,COUPLES,5,5,5,5,5,5,N,Helsinki_Uusimaa
1893,0,FAMILY,4,4,3,5,5,5,N,Rovaniemi_Lapland
1894,0,FAMILY,4,5,5,4,5,5,N,Oulu_Northern_Ostrobothnia
1895,4,FAMILY,2,1,3,2,4,2,N,Helsinki_Uusimaa
1896,0,COUPLES,5,5,5,5,5,5,N,Helsinki_Uusimaa
1897,0,COUPLES,5,4,5,5,5,5,N,Helsinki_Uusimaa
1898,0,FAMILY,3,3,3,4,3,4,N,Porvoo_Uusimaa
1899,0,FAMILY,3,3,3,2,4,4,N,Turku_Southwest_Finland
1900,1,BUSINESS,5,5,5,5,5,5,N,Helsinki_Uusimaa
1901,0,SOLO,1,1,1,4,3,1,N,Helsinki_Uusimaa
1902,0,SOLO,3,2,4,4,5,2,N,Helsinki_Uusimaa
1903,0,FAMILY,3,4,3,3,4,4,N,Tampere_Pirkanmaa
1904,2,FAMILY,4,3,4,5,5,5,N,Helsinki_Uusimaa
1905,0,FAMILY,3,3,3,5,3,3,N,Helsinki_Uusimaa
1906,4,FRIENDS,5,5,4,4,5,5,N,Turku_Southwest_Finland
1907,2,COUPLES,5,5,5,4,5,5,N,Helsinki_Uusimaa
1908,0,COUPLES,4,5,4,4,5,4,N,Helsinki_Uusimaa
1909,0,FAMILY,4,4,4,5,3,5,N,Oulu_Northern_Ostrobothnia
1910,2,COUPLES,1,1,1,4,1,1,N,Kilpisjarvi_Lapland
1911,0,BUSINESS,5,4,5,5,5,4,N,Helsinki_Uusimaa
1912,1,COUPLES,2,3,2,3,5,4,N,Helsinki_Uusimaa
1913,0,COUPLES,5,5,4,5,5,4,N,Helsinki_Uusimaa
1914,0,FAMILY,4,3,3,4,3,4,N,Helsinki_Uusimaa
1915,0,COUPLES,5,4,5,5,5,4,N,Helsinki_Uusimaa
1916,0,BUSINESS,4,5,3,5,5,5,N,Helsinki_Uusimaa
1917,2,COUPLES,4,5,4,5,5,3,N,Joensuu_North_Karelia
1918,0,FAMILY,5,5,4,4,5,4,N,Turku_Southwest_Finland
1919,0,BUSINESS,4,4,4,5,4,4,N,Helsinki_Uusimaa
1920,0,SOLO,5,5,4,4,5,5,N,Helsinki_Uusimaa
1921,0,BUSINESS,4,5,3,5,5,5,N,Helsinki_Uusimaa
1922,0,BUSINESS,5,5,5,5,5,5,N,Helsinki_Uusimaa
1923,3,BUSINESS,2,2,2,5,2,1,N,Savonlinna_Southern_Savonia
1924,0,COUPLES,5,4,5,5,5,4,N,Helsinki_Uusimaa
1925,0,FAMILY,4,4,4,4,4,4,N,Helsinki_Uusimaa
1926,0,COUPLES,4,5,4,3,5,5,N,Helsinki_Uusimaa
1927,2,COUPLES,3,3,4,4,5,3,N,Helsinki_Uusimaa
1928,0,COUPLES,4,4,4,4,4,4,N,Helsinki_Uusimaa
1929,2,COUPLES,4,4,4,5,5,5,N,Savonlinna_Southern_Savonia
1930,1,COUPLES,5,5,4,5,5,4,N,Mariehamn_Aland_Island_Aland
1931,0,COUPLES,4,4,4,5,3,5,N,Helsinki_Uusimaa
1932,0,SOLO,5,5,5,5,5,5,N,Helsinki_Uusimaa
1933,0,SOLO,2,2,1,1,2,2,N,Helsinki_Uusimaa
1934,2,COUPLES,5,5,5,5,5,5,N,Imatra_South_Karelia
1935,0,FAMILY,4,5,4,5,4,4,N,Saariselka_Lapland
1936,1,SOLO,5,5,5,5,5,5,N,Helsinki_Uusimaa
1937,0,FRIENDS,4,4,4,5,5,3,N,Vantaa_Uusimaa
1938,1,COUPLES,3,3,4,4,4,2,N,Helsinki_Uusimaa
1939,0,FAMILY,4,5,3,3,3,4,N,Rovaniemi_Lapland
1940,1,FRIENDS,5,5,4,5,5,3,N,Helsinki_Uusimaa
1941,0,BUSINESS,1,1,1,3,4,4,N,Espoo_Uusimaa
1942,1,BUSINESS,3,3,3,3,3,1,N,Imatra_South_Karelia
1943,0,COUPLES,4,3,3,5,5,4,N,Helsinki_Uusimaa
1944,1,FRIENDS,4,5,4,5,5,4,N,Helsinki_Uusimaa
1945,0,FAMILY,3,4,4,3,3,4,N,Helsinki_Uusimaa
1946,0,FRIENDS,5,5,5,5,5,5,N,Helsinki_Uusimaa
1947,1,SOLO,3,3,2,4,3,3,N,Helsinki_Uusimaa
1948,0,COUPLES,5,5,5,5,5,5,N,Turku_Southwest_Finland
1949,0,COUPLES,4,5,4,4,4,4,N,Savonlinna_Southern_Savonia
1950,0,SOLO,4,4,5,4,5,5,N,Helsinki_Uusimaa
1951,0,COUPLES,5,5,4,5,5,4,N,Helsinki_Uusimaa
1952,0,COUPLES,3,3,3,4,4,2,N,Helsinki_Uusimaa
1953,0,FAMILY,4,4,4,5,4,4,N,Helsinki_Uusimaa
1954,0,FAMILY,2,3,3,3,3,3,N,Vantaa_Uusimaa
1955,1,FAMILY,4,3,3,3,4,3,N,Turku_Southwest_Finland
1956,0,BUSINESS,3,2,3,3,3,3,N,Espoo_Uusimaa
1957,0,FAMILY,5,5,5,5,5,5,N,Nagu_Southwest_Finland
1958,1,FAMILY,3,4,4,5,5,4,N,Mikkeli_Southern_Savonia
1959,2,BUSINESS,3,3,1,5,4,3,N,Helsinki_Uusimaa
1960,1,FAMILY,3,2,3,5,4,3,N,Koli_National_Park_North_Karelia
1961,1,FAMILY,4,3,3,5,5,3,N,Helsinki_Uusimaa
1962,0,SOLO,3,4,3,4,5,4,N,Helsinki_Uusimaa
1963,0,SOLO,3,3,2,4,2,3,N,Helsinki_Uusimaa
1964,0,BUSINESS,4,5,4,5,5,4,N,Helsinki_Uusimaa
1965,0,COUPLES,4,4,5,5,5,4,N,Helsinki_Uusimaa
1966,0,FRIENDS,4,3,4,3,4,3,N,Vantaa_Uusimaa
1967,3,FRIENDS,1,1,1,3,3,1,N,Lahti_Tavastia_Proper
1968,1,COUPLES,3,3,4,5,4,4,N,Helsinki_Uusimaa
1969,0,COUPLES,4,4,4,5,5,4,N,Helsinki_Uusimaa
1970,1,FRIENDS,5,5,5,5,5,5,N,Helsinki_Uusimaa
1971,1,FRIENDS,5,5,5,5,4,5,N,Savonlinna_Southern_Savonia
1972,6,COUPLES,1,1,1,1,4,2,N,Geta_Aland_Island_Aland
1973,0,BUSINESS,4,4,4,4,5,5,N,Helsinki_Uusimaa
1974,0,COUPLES,4,5,5,5,4,4,N,Helsinki_Uusimaa
1975,0,COUPLES,5,4,4,4,5,5,N,Helsinki_Uusimaa
1976,1,COUPLES,3,4,3,5,4,3,N,Mariehamn_Aland_Island_Aland
1977,0,COUPLES,5,4,5,4,5,5,N,Helsinki_Uusimaa
1978,0,BUSINESS,5,5,5,5,5,5,N,Helsinki_Uusimaa
1979,3,COUPLES,4,4,4,4,5,5,N,Kemi_Lapland
1980,0,COUPLES,5,5,5,5,5,4,N,Helsinki_Uusimaa
1981,0,SOLO,4,5,4,5,5,5,N,Turku_Southwest_Finland
1982,1,COUPLES,5,4,4,5,5,3,N,Geta_Aland_Island_Aland
1983,0,COUPLES,3,4,3,2,3,5,N,Tampere_Pirkanmaa
1984,0,COUPLES,5,5,5,5,5,5,N,Vantaa_Uusimaa
1985,1,COUPLES,3,4,3,5,3,4,N,Mariehamn_Aland_Island_Aland
1986,0,COUPLES,3,3,3,5,1,3,N,Helsinki_Uusimaa
1987,0,COUPLES,5,4,5,5,5,5,N,Helsinki_Uusimaa
1988,0,COUPLES,5,5,4,5,5,5,N,Espoo_Uusimaa
1989,3,FRIENDS,5,5,5,2,5,5,N,Espoo_Uusimaa
1990,0,COUPLES,4,4,3,5,4,5,N,Saariselka_Lapland
1991,0,COUPLES,5,4,5,5,4,5,N,Helsinki_Uusimaa
1992,0,COUPLES,5,4,5,5,5,4,N,Helsinki_Uusimaa
1993,1,FAMILY,4,4,4,5,4,3,N,Helsinki_Uusimaa
1994,0,COUPLES,4,4,4,5,5,4,N,Rovaniemi_Lapland
1995,3,BUSINESS,3,4,4,5,5,3,N,Helsinki_Uusimaa
1996,0,BUSINESS,5,3,5,3,5,5,N,Vantaa_Uusimaa
1997,1,SOLO,5,5,5,5,5,5,N,Helsinki_Uusimaa
1998,3,SOLO,2,3,3,3,2,2,N,Helsinki_Uusimaa
1999,0,FAMILY,5,5,5,5,5,5,N,Helsinki_Uusimaa
2000,0,SOLO,5,5,5,5,5,4,N,Pyhatunturi_Lapland
